,Id,Version,Title,DownloadCount,PackageHash,PackageHashAlgorithm,PackageSize,PackageSourceUrl,PackageStatus,PackageSubmittedStatus,PackageTestResultUrl,PackageTestResultStatus,PackageTestResultStatusDate,PackageValidationResultStatus,PackageValidationResultDate,PackageCleanupResultDate,PackageReviewedDate,PackageApprovedDate,PackageReviewer,PackageScanStatus,PackageScanResultDate,PackageScanFlagResult
0,chatterino-7tv.install,2.3.2,Chatterino 7TV (Install),12,n3pcOCX7lMuxNVrdJtCoABZglSLILZ3FvpCmqvFU35o4mfAJXUu03d7ZqHkLZl7X95QZxdvhAOJLXOP+8zZZSw==,SHA512,43683718,https://github.com/Starz0r/ChocolateyPackagingScripts,Submitted,Responded,https://gist.github.com/choco-bot/5d1a48773839a47e1af4ca5e74dbe2e9,Failing,2025-10-01T14:44:51.517,Passing,2025-10-01T10:10:58.743,,2025-10-01T08:50:06.083,,gep13,Pending,,Unknown
1,converternow,3.1.1,Converter NOW,68,FeEXCpCSTTkxcOWsx5i+8am8FgnpM6iCDhv74mDWEQ8v9JrDBKXfP/ea21e4I+0hPORVwdRN0LBLFCII9zzcZA==,SHA512,10975486,https://github.com/Starz0r/ChocolateyPackagingScripts,Submitted,Responded,https://gist.github.com/choco-bot/1fbf09d5ea48a7991c72de4a039435d3,Failing,2025-10-01T13:09:15.997,Passing,2025-10-01T10:39:22.23,,,,,Pending,,Unknown
2,fileseek,7.0.0,FileSeek,104555,KkYrM8ZWBxR9bdxhOfi+UYUuJBjik1Vs/Rfgdptav7e0jU6vMr3NDdsihVrWYpzM84yLpcaWptezPRinmfW+IQ==,SHA512,4380,https://github.com/privatehosting/fileseek,Submitted,Ready,https://gist.github.com/choco-bot/2e8d79b3d3921cbf745dc9173faeb04c,Passing,2025-08-16T09:23:42.337,Passing,2025-08-16T07:56:46.913,,,,,NotFlagged,2025-08-16T09:48:18.647,None
3,findtext,10.0.0.1,FindText (AutoHotKey library),67,X+It8MJuMBMGhjxKRIlMVWhzOPTZ9tSdrHLpikrGKa3pwCBFUaUWS8VbNw/A0UB48islktjabLgQHH6NASl77g==,SHA512,43966,https://github.com/Zoullx/chocolatey-packages/tree/master/findtext,Submitted,Ready,https://gist.github.com/choco-bot/59d54c51836029e41930bdf8657ec3bf,Passing,2025-08-25T19:08:59.893,Passing,2025-08-25T17:37:49.033,,,,,NotFlagged,2025-08-25T19:18:02.59,None
4,gitcommit,1.0.0,GitCommit,14,8cyWOKsoqazPAhJUK2EAVhKTstmDCHInokR+Hc746z8DPu2S2UTmkg2AieB5nvgU62lEBV4GFHK5+TVh0skmkA==,SHA512,4388,https://github.com/CloveTwilight3/GitCommit,Submitted,Ready,https://gist.github.com/choco-bot/46ff9ab0296cadd35b7cca93bb71ed3a,Passing,2025-08-25T23:18:51.893,Passing,2025-08-25T23:06:17.063,,,,,NotFlagged,2025-08-25T23:26:07.67,None
5,verapack,0.8.0,Verapack CLI,13,juwF3FHbyjk20ZmrrOLBY6HlQkYvAqQElGz7eUGbqfIL2PY2gaLbt/ByqatMoqne3wmLUQaK/Je2UvZzCVWu9Q==,SHA512,4886029,,Submitted,Ready,https://gist.github.com/choco-bot/47a3a07cc7fa407430d6101508371658,Passing,2025-08-29T00:18:52.437,Passing,2025-08-28T19:45:18.527,,,,,Flagged,2025-08-29T00:29:39.37,Note
6,com.ryan.anymex,3.0.0,AnymeX,30,YGojpTMcnBKMHJY5zzRW5x7OXvFO4C8rvjtohhnYL/FPXMN3NV3dPT+QfYkpOONtkw3e0rdP0H80AD13OdNAig==,SHA512,3236,https://github.com/RyanYuuki/AnymeX/tree/main/chocolatey,Submitted,Ready,https://gist.github.com/choco-bot/8adf2ea08bea684552cd0e007bdedc53,Passing,2025-08-31T21:10:36.747,Passing,2025-08-31T21:03:06.337,,,,,NotFlagged,2025-08-31T21:17:47.997,None
7,nebula,1.9.6,nebula (Install),13,e3sg+6AsAdxFRBwLfayDG8r5BZJWxDns5W6AWwEVQkGVCa+P7jg8dNvQFmOwiJmr2sFd00WXEPHkySN/y2vlog==,SHA512,4984,https://github.com/slackhq/nebula,Submitted,Ready,https://gist.github.com/choco-bot/e8cd79013fb6fe4572dc36bacdafd502,Passing,2025-09-02T19:52:11.377,Passing,2025-09-02T19:39:15.397,,,,,Flagged,2025-09-02T20:08:32.123,Note
8,reddit-dl,1.0.0,reddit-dl (Install),12,FncvVf+BcbnKPOyJMfed7K7e1IoJNy02PLkwjXRdIkuK4FUtFWeKtkS30l+LBnxD+/y5gwcLaeU4fcwseYpfiQ==,SHA512,3485,https://github.com/C0smin/choco-packages/tree/main/packages/reddit-dl/,Submitted,Ready,https://gist.github.com/choco-bot/944fde8e0900078303310c9cb08117e2,Passing,2025-09-06T17:54:21.207,Passing,2025-09-06T17:46:29.233,,,,,Flagged,2025-09-06T18:03:23.943,Note
9,hypergraphgo,0.1.19,HypergraphGo,9,7inIQTgWMMySJ/W8ECtTFkLDETfqthklqXukMK+V+92/Zqb2jmHHTnu1bQkhdAIb++P6FdfHmUAwQxDMhIdb1g==,SHA512,3103,,Submitted,Ready,https://gist.github.com/choco-bot/d23c3e15b84c17d3f103fb322d08b601,Passing,2025-09-14T04:45:36.977,Passing,2025-09-14T04:43:02.83,,,,,Flagged,2025-09-14T14:52:02.873,Note
10,network-mapper,2.4.0,Network Mapper,6,htfTH4b9EYzzpfxxjIMYnDDH3OHXoR5VXhT4Pnvx9ZKeogamoOcApUGR7Bs8fbEdU4++hjdUsI6VGmggWE6zFw==,SHA512,5019,https://github.com/NickBorgers/util/tree/main/network-mapper/chocolatey,Submitted,Ready,https://gist.github.com/choco-bot/3791999b66ea072f0d46eeed426eaa02,Passing,2025-09-18T08:10:56.133,Passing,2025-09-17T16:16:27.867,,,,,Flagged,2025-09-18T08:33:27.923,Note
11,cold-turkey-blocker,4.7.0,Cold Turkey Blocker,7,xCglqe3tCEmjZP47a2iZz8bBw/OqEd655w818Vag3EFzVfkcaYSvo5C1WumceumF0WeXB9LFN3hGH595oBQAog==,SHA512,3314,,Submitted,Ready,https://gist.github.com/choco-bot/d2d7e36680a3d87da5890991325ac47d,Passing,2025-09-18T16:08:37.327,Passing,2025-09-17T16:40:47.103,,,,,NotFlagged,2025-09-18T19:23:02.99,None
12,googlewindowsapp,0.1.12,GoogleWindowsApp,9,FQ5OrA9CZjZESZ/evaTv8H3QR5Nj8yFrH1E8fZ/eCsnXED5I0ajPjraCLDZBAQrHyBjDBnnJjs16C3yBLvOOuA==,SHA512,3626,https://github.com/targed/chocolatey-projects/tree/main/GoogleWindowsApp,Submitted,Ready,https://gist.github.com/choco-bot/f67f9f6303f32692607b453e1f4ddb79,Passing,2025-09-19T15:12:40.767,Passing,2025-09-18T05:06:58.06,,,,,NotFlagged,2025-09-19T16:12:11.797,None
13,oxipng,9.1.5,oxipng,9,FTlDqfYXblSCFktUkdOBFk7y2EVKvDoePFFxg/eJFWmPZ4dMZDRbbH9F76uxrk7MvLLTJH+n0Fa/TtSndp+qEg==,SHA512,2621,,Submitted,Ready,https://gist.github.com/choco-bot/bddc50035594eb01799d507509dbb315,Passing,2025-09-21T04:05:56.447,Passing,2025-09-20T15:29:22.77,,,,,Flagged,2025-09-21T06:44:28.587,Note
14,codeprintio,1.0.7,CodePrint IO,8,bpg6gH3L59Zhm2NmY1Brby3AN91npAEPVlXEv5s/9HlaNGVK1vq1qcqGuEKGEUr1Kv8hq1mvT3XkLVi6DWi/MQ==,SHA512,3776,,Submitted,Ready,https://gist.github.com/choco-bot/e92dfe5846ad27953dc4dcc7cb8bca5d,Passing,2025-09-21T16:55:47.607,Passing,2025-09-21T16:28:26.43,,,,,NotFlagged,2025-09-21T17:26:35.413,None
15,netgen-ngsuite,6.1.0,Netgen / NGSuite 6.1 (with embedded Python 3.5),6,tU8O8TYID+sFdEjByZmVsh9HxxDoX9f+okhFVFSqRG5qYo8zAO8XzwatBJ+8Cf69Fb4squOhZjxVEeWGY476Pg==,SHA512,3994,https://github.com/your-org/your-repo,Submitted,Ready,https://gist.github.com/choco-bot/27a909b7f7d51472a5361128dbf0a2e2,Passing,2025-09-24T00:50:58.867,Passing,2025-09-23T22:48:55.137,,,,,NotFlagged,2025-09-24T01:48:55.763,None
16,winfetch-cli,1.0.0,WinFetch CLI,10,Z6ul4n1MV35gQt//nVfj2X9BmirwAQFyHVbG1IL3LnqCG8tZsSRWMInC00kUxceLEp1R+WOSvWtx6ozAFRkrTw==,SHA512,3792,,Submitted,Ready,https://gist.github.com/choco-bot/61f3fe3eba1570d62e58a99e072671af,Passing,2025-09-24T11:29:10.57,Passing,2025-09-24T05:28:20.27,,,,,NotFlagged,2025-09-24T11:33:33.92,None
17,apollo,0.4.6,Apollo Game Streaming Server,6,ObHAl14uXWHDtrqNxLtY5wxaU4ndMtJ5SUrdF0ABvOZBuMsRfbE/tQlwzLeZkOUw0383eU4Jan/GCxdGccUFig==,SHA512,7915,https://github.com/darksidemilk/Coco-Puffs/tree/main/apollo,Submitted,Ready,https://gist.github.com/choco-bot/7fe34fec349cc5eca2f50d89ec74f4c7,Passing,2025-09-28T22:50:32.767,Passing,2025-09-28T22:42:13.987,,,,,Flagged,2025-09-28T22:52:35.7100946Z,Note
18,lgpo,1.1.0,Local Group Policy Object (LGPO) tool,587,PyLfJ+Ze9ayLa7Z+K0/O5j/WumpYCHMNKIad+9zIhW5NPY/tFDiGotw4b3z0ik15Pmpwn/IF1PbhZU1R90rHIA==,SHA512,6368,https://github.com/JonBons/choco-lgpo,Submitted,Ready,https://gist.github.com/choco-bot/a23f383efdb15332580a11a74cddde4d,Passing,2025-09-30T05:55:52.817,Passing,2025-09-30T05:53:37.207,,,,,NotFlagged,2025-09-30T05:56:58.0044889Z,None
19,lgpo,1.1.1,Local Group Policy Object (LGPO) tool,587,9Pq7QE9Bm/RsDVvPEui1Q0LFn9rnF5yoLQGVt6T5I6Z7VWYFIvR2mrvVuC4bMb3jaIv+E92uiIvgG9KJU+1vTA==,SHA512,6339,https://github.com/JonBons/choco-lgpo,Submitted,Ready,https://gist.github.com/choco-bot/3073cf31a3909a9c4b8b2f97172883a3,Passing,2025-09-30T06:06:26.26,Passing,2025-09-30T06:03:40.663,,,,,NotFlagged,2025-09-30T06:07:47.0826973Z,None
20,liquibase-secure,5.0.0,Liquibase Secure,6,pQB8fpKhXRyyqkHIX2EwGQ6DhigrFz1wG9JnkEC8am6eRWSLobN5v0fHGuh46AqbMzJfJNh6+EVLpJtVQ4/T/Q==,SHA512,3112,https://github.com/liquibase/liquibase-secure-chocolatey,Submitted,Ready,https://gist.github.com/choco-bot/84b8850aacd0ffb1c0814a27a771dfd8,Passing,2025-09-30T17:06:10.737,Passing,2025-09-30T16:51:44.26,,,,,Exempted,2025-09-30T18:04:26.7309014Z,None
21,nekobox,5.1.18,nekobox (Install),12,X7iquPEGqVJJ5jZHGXqweIVtLWPF7BPaJFoMpaeohUdzlPYrGO9fxDxCBNmv/oJlW0Kbyv/mUf57LmtKCQVpNQ==,SHA512,15804,https://github.com/qr243vbi/nekobox,Submitted,Ready,https://gist.github.com/choco-bot/41ad50b0bd0487bead0cd074c44e1d01,Passing,2025-10-01T06:16:27.917,Passing,2025-10-01T06:11:33.86,,,,,Flagged,2025-10-01T11:40:22.6121712Z,Note
22,chatterino-7tv.portable,2.3.2,Chatterino 7TV (Portable),18,4+sup3exwQAQbHnnPEgKAaduh66TwsrVyuYFclm24BjK8Ya+tkDmapY0AMdCE9AHCRqWP0OCmNcaa5DyGtsXTg==,SHA512,26839897,https://github.com/Starz0r/ChocolateyPackagingScripts,Submitted,Ready,https://gist.github.com/choco-bot/a1f1557ed8aede46cd9ed12b0a62223e,Passing,2025-10-01T14:48:47.753,Passing,2025-10-01T10:21:20.01,,2025-10-01T08:46:52.323,,gep13,NotFlagged,2025-10-01T17:38:26.8020902Z,None
23,librepcb,1.3.0,LibrePCB,166,89gS8l2okh9BUIvHyjgJgJyYfvh24wvnEUeXGjTbbQ2PbFpYRRfW+unl13PXwqoHO5y/pr6Da/AujWU/5CiLTg==,SHA512,2544,https://github.com/Starz0r/ChocolateyPackagingScripts,Submitted,Ready,https://gist.github.com/choco-bot/1cd72c8094ea72069ff2ef1e77c62338,Passing,2025-10-02T20:45:51.25,Passing,2025-10-02T20:39:53.48,,,,,NotFlagged,2025-10-02T21:23:01.8007192Z,None
24,zabbix-agent,7.2.13,Zabbix Agent,1889638,7dbe5CRcElg17QxBaFObgF6Wr+2m659MJzhZYFugQnWrx8M94gUNv1xx+5C51tB2+Sfw2uPOpxpRWALebFLUkg==,SHA512,11842636,https://github.com/mkevenaar/chocolatey-packages/tree/master/automatic/zabbix-agent,Submitted,Ready,https://gist.github.com/choco-bot/009942549c8fd176457f603698a07692,Passing,2025-10-01T16:43:18.387,Passing,2025-10-01T14:59:50.387,,,,,Flagged,2025-10-01T21:12:52.702378Z,Warning
25,hayman.portable,1.3.0,Hayman - HART Viewer (Portable),40,bHpLtaP+x3xOFH0u7YYFodrZU+7AzpTOkvofI01doVhXsqgzMsGt2t+1ucVnvZ4fDgSZn3hoDA6OoPb65LxmbA==,SHA512,2439,,Submitted,Ready,https://gist.github.com/choco-bot/767b47a30dba2c4798f4d25f281c2e91,Passing,2025-10-01T21:39:19.207,Passing,2025-10-01T19:07:39.293,,,,,NotFlagged,2025-10-01T22:19:02.4424328Z,None
26,azion,4.6.0,azion,218,XQpVHz2pbccMRO5m9CMP2NXlrylQ291JYpCqGNTtZ1G4nd8nmqHAxpOIpxZDtGYxTej2jl5YcvymiQ7Y65VNMQ==,SHA512,20493557,https://github.com/aziontech/azion/tree/dev/chocolatey,Submitted,Ready,https://gist.github.com/choco-bot/172765787f73077f26a2bd8c076ef0a4,Passing,2025-10-02T20:36:05.013,Passing,2025-10-02T19:04:14.717,,,,,NotFlagged,2025-10-02T21:23:47.1632284Z,None
27,moolticute,1.4.0,moolticute (Install),15,ksnyBJ6UH2l4kqdXeq8o9N6Cb0Nh3d0nNCHB2G3NI8/cyuMdPCUd9LLAim6/9ooZ1Ud/q4vo/RP7kuXaGAQjKA==,SHA512,3566,https://github.com/Menchen13/chocolatey-moolticute,Submitted,Ready,https://gist.github.com/choco-bot/d465f17265797c0ebda741b3ea137ca2,Passing,2025-10-02T21:28:37.3,Passing,2025-10-02T21:25:29.843,,,,,NotFlagged,2025-10-02T21:39:32.9658848Z,None
28,docker-credential-wincred,0.9.4,Docker credential helper,125,fk3CZ4XGYd6TS/tS++5RqOi3l0F7L+82sMGvgXpD10A2dEsyuwhgB5ZVel5ntjsy76VowiBdzLS5RjNtVMlrNg==,SHA512,946601,https://github.com/geicht/chocolatey-packages/tree/master/docker-credential-wincred,Submitted,Ready,https://gist.github.com/choco-bot/6fd5776651292e492d87d9b119d5de7f,Passing,2025-10-03T02:04:26.68,Passing,2025-10-03T01:56:19.72,,,,,Flagged,2025-10-03T02:16:42.2153364Z,Note
29,spyder,6.1.0,Spyder - The Scientific Python Development Environment,187,1XkBqXAoxKqNt72u570dWXT8qjPHjuK269/J8jSA758xJKlN7yle2uTvh2OHoAB3Zp8ER8xymHkKjT4Dl2pOoQ==,SHA512,5990,https://github.com/dgalbraith/chocolatey-packages/tree/master/automatic/spyder,Submitted,Ready,,Exempted,,Passing,2025-10-03T04:53:13.257,,,,,Flagged,2025-10-03T04:55:26.8649038Z,Note
30,chatterino,2.5.4,Chatterino,16157,PiAJZqsPrz73FSeEfOcFN3we6YR2GHyhAXu81Oe5UzN7MaRuSE2rRy2Nl0Uf31UG+UZZmn476vbUdrbeY+AkPw==,SHA512,2985,,Submitted,Ready,https://gist.github.com/choco-bot/f4b5285b6cc83ae0e87982774b48eed4,Passing,2025-10-03T06:26:04.877,Passing,2025-10-03T05:50:08.82,,,,,NotFlagged,2025-10-03T06:27:05.7749916Z,None
31,ggu-loi,6.4.0,GGU-LOI,24,SP38MdxKSqU8GQOunA0n8SF2I0EO6La4LTIuAtefGILW72x/73gUwPIVhqtYATsUCpEya4klou6K2gKQl6fayQ==,SHA512,2984,,Submitted,Ready,https://gist.github.com/choco-bot/d2fae9431b99e31be0f74350372996db,Passing,2025-10-03T08:38:40.45,Passing,2025-10-03T08:35:07.483,,,,,Flagged,2025-10-03T08:42:22.4517202Z,Note
32,dellbiosprovider,2.9.1,DellBIOSProvider (PowerShell Module),402,/UFjQGFy+iUYW5nOde/JwHUImo45xjF5deqE1n/dRx8fytSBvz/Xf8wVi3N9ryoBNwKaWGZG0SiJEaRqULMqaA==,SHA512,4323,https://github.com/strausmann/ChocolateyPackages/tree/master/automatic/dellbiosprovider,Submitted,Ready,https://gist.github.com/choco-bot/b846dd694c053c6a7a3e7cad713ea594,Passing,2025-10-03T09:02:22.107,Passing,2025-10-03T08:40:15.507,,,,,NotFlagged,2025-10-03T09:04:26.1692149Z,None
33,typos,0.4.0,Typos,142,GVKoCzbMGqBC1PikIt6CF87hcZH8T91wcAZ1CMAhwkzbFnYDiFLIkqIYa7CswG5r3vS2AyCO4JMYMMkes/yZBA==,SHA512,2070291,https://github.com/Starz0r/ChocolateyPackagingScripts,Submitted,Ready,https://gist.github.com/choco-bot/85066936675b35908d156e698b10a90c,Passing,2025-10-03T13:01:25.627,Passing,2025-10-03T12:02:31.95,,,,,NotFlagged,2025-10-03T13:03:36.0912016Z,None
34,youtubedownloader,1.0.0,YTDownloader (Install),8,f2bvSq8NpeNPUxx5kD5o9eakg3lfwkU0+JsSjFhVViZhWUGa4zoDMYXu2y6kNINWF6MHPsrjvupvlZ6zYEFLpg==,SHA512,3766,,Submitted,Ready,https://gist.github.com/choco-bot/82870cf65e052dd2b6e86f76f2da5bfb,Passing,2025-10-03T13:05:03.177,Passing,2025-10-03T12:02:33.447,,,,,NotFlagged,2025-10-03T13:44:47.3919646Z,None
35,trid,2.24.20251003,TrID - File Identifier,268484,qx0lJySbtTL4DqjvyF5Du4VP+5fAWqWcbWJ+rB5RfdGHzF86C+SPETFxZOoSg7Vp/dBZmN1GxxLBijfcsWQWYg==,SHA512,2612036,https://github.com/majkinetor/chocolatey/tree/master/trid,Submitted,Ready,https://gist.github.com/choco-bot/9a82dab7a9b7822c2e634185b5173568,Passing,2025-10-03T15:40:54.143,Passing,2025-10-03T15:38:50.25,,,,,Flagged,2025-10-03T15:41:37.1340906Z,Note
36,trelby,2.4.16.2,trelby (Install),1141,9L1MZFZ3FHg+MhuKRkdFO9loLdOYUPqahdI7RPEsQiDt9B/5yNlDNH+6OvQXRrFIu4quHjg0JfL4YTAQKRXtJg==,SHA512,10453,https://github.com/trelby/trelby/tree/master/choco,Submitted,Ready,,Exempted,,Passing,2025-10-03T16:26:13.733,,,,,NotFlagged,2025-10-03T17:36:10.9149943Z,None
37,typos,1.0.0,Typos,142,8bvLtfOl5sXJOL+cOGJkKC2rUPlKGsySRIfGC91qRCtG9Wy73HnfjN3Jht0tpQp1vIFy/C2w/TWkMSph2JEgFA==,SHA512,2070687,https://github.com/Starz0r/ChocolateyPackagingScripts,Submitted,Ready,https://gist.github.com/choco-bot/228e24c39fe05377254263546aa1996b,Passing,2025-10-04T01:08:02.533,Passing,2025-10-04T00:29:35.327,,,,,NotFlagged,2025-10-04T01:09:45.3503478Z,None
38,tridnet,1.95.251003,TrIDNet - File Identifier (Portable),54,anaxeykiM4CQbHaCmUM87MyXmsmxzco7e2mYNynP1V6De9YIQ5cAnOq+X2jeZu8Xq23qKDasTjSgbUz2QLiBkg==,SHA512,7660633,https://github.com/Aurocosh/chocolatey-packages/tree/master/automatic/tridnet,Submitted,Ready,https://gist.github.com/choco-bot/164a890df11d9726ba70bde68b05a9d4,Passing,2025-10-04T01:25:23.493,Passing,2025-10-04T00:39:46.047,,,,,Flagged,2025-10-04T01:28:48.0136556Z,Note
39,goldendict-ng,25.10.1,GoldenDict-ng,629,/x5vp77un/ZatC+PHXXlkkv2TpcqfEnMBCCfnXwopU8y0m8i25Gy48C7vdmbUCzB0zBYDI7nun2eic7XlwKPLw==,SHA512,4466,https://github.com/jonasw234/au-packages/tree/master/goldendict-ng,Submitted,Ready,https://gist.github.com/choco-bot/1f81364f661f65d8b0f1e853072ae6ed,Passing,2025-10-04T03:40:58.513,Passing,2025-10-04T03:37:15.413,,,,,NotFlagged,2025-10-04T03:44:32.6295728Z,None
40,manim-latex,2025.9.0,LaTeX for Manim (Install),32653,WpzCaIHYzkcDE029VQXOQpl3VQk3H0Hb1UpQ/KCFJsNg83Dlt+G6pj00nELblcLVIzOiNzCljv28XU325+5YHg==,SHA512,3509,https://github.com/naveen521kk/au-packages/tree/master/manim-latex,Submitted,Pending,,Pending,,Pending,,,,,,Pending,,Unknown
41,authme,6.3.0,Authme - Simple 2FA Desktop Application,1106,gCG2iHznLJHnrSzIXLwGMPocEtf3BK05aTl91j2l5zyJ8FWULa8HMVOPAofqEGK0NSVVoaBwBMEr1BGDcjq3hw==,SHA512,3737,https://github.com/dgalbraith/chocolatey-packages/tree/master/automatic/authme,Submitted,Pending,,Pending,,Pending,,,,,,Pending,,Unknown
42,chatterino-7tv,2.3.2,Chatterino 7TV,5,QP9mAy5Xc4um/4iC74p8AtHIjk0DawblaX/PDq+dtJPEF9wcseWcuyUmV8oL/oxic/LdYjOqt04gxsGCHQQ3IA==,SHA512,3432,https://github.com/Starz0r/ChocolateyPackagingScripts,Submitted,Pending,,Pending,,Pending,,,,,,Pending,,Unknown
43,proficad,13.2.1,ProfiCAD,2645,VKXtn8+XycGsCAn3Gn1xLSC6TPZ1y06DLI/XxnQtLn0EwIyuYcyKLjoyEa7ooqTh9/roA+wNXUp4C2EVB8qeOw==,SHA512,4507,https://github.com/jakublevy/chocopkgs/tree/master/proficad,Submitted,Pending,,Pending,,Pending,,,,,,Pending,,Unknown
44,manim-latex,2025.10.0,LaTeX for Manim (Install),32653,UE5p7W6dYB7NUXH/6qhCM3pf/ikvl3FS0LNA5BVLQ2X4puF27g2tI/8nFm69tU6jnMgdc/n/tI58cwue+MjDPg==,SHA512,3512,https://github.com/naveen521kk/au-packages/tree/master/manim-latex,Submitted,Pending,,Pending,,Pending,,,,,,Pending,,Unknown
45,kdevelop,5.6.2.5973,KDevelop,21324,0knwYtfBVSYFCy1hUwp6sj+P/KFLpkyZ3OPw9QFAR0lXq8NMX9aI3O+0oBQChSfr54hBrd0QQEwx9fspXXtqSQ==,SHA512,3390,https://github.com/chtof/chocolatey-packages/tree/master/automatic/kdevelop,Submitted,Pending,,Exempted,,Pending,,,,,,Pending,,Unknown
46,qownnotes,25.10.1,QOwnNotes,73699,bIKq5O9Ey+ol0xs6UI+meyaucv86m5jI9TIKDJCyCcNAI8AjabNuJQTRQqHKDbakNcqFOX5em4R0+20RqTd9Ug==,SHA512,74838527,https://github.com/afischer211/my-chocolatey/tree/master/qownnotes,Submitted,Pending,,Pending,,Pending,,,,,,Pending,,Unknown
47,jackett,0.24.37,Jackett,581931,bZcXXDxdn7SSdNrwbU7rwAT5nH6OvW0YAw7rw95KV3oWc2+LENpzDnzdjnMifxo60566NmLGS49tTJcHPcywbw==,SHA512,41600799,https://github.com/mkevenaar/chocolatey-packages/tree/master/automatic/jackett,Submitted,Pending,,Exempted,,Pending,,,,,,Pending,,Unknown
48,vlc-nightly,4.0.0.20251004,VLC Nightly,648781,aSyNhJ4pXSDQdmv3BvjmagGsai9TdxtCRpuga+EyfFAXcCe6R+u/zGMNyC/q2Girf1nyWn0zBXuiaKb8r4K9uQ==,SHA512,54543983,https://github.com/mkevenaar/chocolatey-packages/tree/master/automatic/vlc-nightly,Submitted,Pending,,Pending,,Pending,,,,,,Pending,,Unknown
49,zabbix-agent,7.0.19,Zabbix Agent,1889638,8VHaTUsS6HbhZk3i3CKOU8YeQB83RslC9qGrWxBmmwM9P43t3VcruMjII2aE7jehl3/yvUMQzowISpqm61xkOQ==,SHA512,11835311,https://github.com/mkevenaar/chocolatey-packages/tree/master/automatic/zabbix-agent,Submitted,Waiting,https://gist.github.com/choco-bot/808a339d45ee25ba3fe3ea8625f98a89,Passing,2025-09-30T15:00:15.877,Passing,2025-09-30T14:57:27.6,,2025-10-01T08:54:02.1667012Z,,gep13,Flagged,2025-09-30T16:03:34.8,Warning
50,ehclipboard,0.1.5,eh's Clipboard,14,ma14Qx5f56rbfOI2MyfRgrb1W65XeHKju85sqNb3WvPFZF8RshSldMREnk52tB6JNZP6DO9SVjhBHi8RU+KFbA==,SHA512,4187,https://github.com/huhuhuhuheh/ehclipboard,Submitted,Waiting,https://gist.github.com/choco-bot/fd5cb15e1c0991d2bb2d4bb3b4b84841,Passing,2025-09-07T07:58:38.387,Passing,2025-09-07T07:53:34.24,,2025-10-01T08:36:35.6584845Z,,gep13,NotFlagged,2025-09-07T08:05:22.823,None
51,youtube-grabber,1.0.1,YouTube Grabber,14,5J/+LNB++TTobqxZJX+7YAkO04+I5dqtbqb5S0arY7XPl3fhpIB0ejo5DXzaHM92xnvhkx4PE9SdGSo75Y9MdA==,SHA512,3623,,Submitted,Waiting,https://gist.github.com/choco-bot/90f12839c743aa78942422a99ab36721,Passing,2025-08-12T06:38:35.883,Passing,2025-08-12T06:24:42.263,,2025-09-29T06:47:17.3020225Z,,gep13,Exempted,2025-08-12T06:56:22.91,None
52,sharpcaster,3.0.0,SharpCaster,45,SYPoTudfV3wHOCjydyKcy0bS2ff99PO9cMXKZyWIpkiqP652938Fwl9iHL74pKdny3MB02cvvCsZwfsjrDUL2A==,SHA512,4451,https://github.com/Tapanila/chocolatey/tree/main/auto/sharpcaster,Submitted,Waiting,https://gist.github.com/choco-bot/040c9d09f43e009c55c2f153e7c1e77e,Passing,2025-08-31T14:49:34.53,Passing,2025-08-31T14:43:59.873,,2025-09-29T06:30:32.6605305Z,,gep13,NotFlagged,2025-08-31T15:01:20.777,None
53,zoom-player-max,21.5.0,Zoom Player MAX,19,UbGoITlg3iLm1g73AQcVHSZA3Z5TlmWchYFnS58++J+HLRPoIssGcIfvHqM28/I1mSS2EAeGuIuWEvbIlXGoMA==,SHA512,100209345,https://www.inmatrix.com/zplayer,Submitted,Waiting,https://gist.github.com/choco-bot/c0bb49bd9b8f4c7e098007674ea25bbf,Passing,2025-08-11T11:39:09.96,Passing,2025-08-11T10:04:21.02,,2025-09-29T06:20:09.5964389Z,,gep13,NotFlagged,2025-08-11T12:40:41.213,None
54,proficad.install,13.2.1,ProfiCAD (Install),3213,ApAb6lxK0vWUIl2PCmug/jhlcCw6fd8MzPPopX3YWeq/YRnfZdTC5xK3tqqmJekIR5ue8R5xDdGCalWX9oC/MQ==,SHA512,5954,https://github.com/jakublevy/chocopkgs/tree/master/proficad.install,Submitted,Waiting,https://gist.github.com/choco-bot/ae65cfc742a5ab2f50777d95ae20cef0,Failing,2025-09-25T21:52:32.27,Passing,2025-09-23T10:17:01.533,,2025-09-25T21:05:23.753,,Windos,Pending,,Unknown
55,ngrok,3.30.0,Ngrok Agent,630209,TnpnJ24t1Um0rWzZLN7ubnW3De8vKcGN6tLcxHTIKYSUyuSwLei0HkBa4JomZaiKk25/gq92YDQIVBpMcUQwLA==,SHA512,3403,https://github.com/ngrok/choco-ngrok,Submitted,Waiting,https://gist.github.com/choco-bot/cc0b8a964609edc1662ff32543924248,Passing,2025-09-23T18:20:13.097,Passing,2025-09-23T16:42:55.507,,2025-09-25T08:05:27.227,,gep13,Flagged,2025-09-25T08:38:04.497,Error
56,wsltty,3.8.0,wsltty,48183,CTjMy79b63aiFBvf1dgLbGXgWLbomZ2iXfpFqIOq8VreWngYTtH4sh/2WnHzNNR+Aci2jxpLbLghra1RpbhsuA==,SHA512,2408650,https://github.com/AeliusSaionji/chocopkgs/tree/master/wsltty,Submitted,Waiting,https://gist.github.com/choco-bot/b2aa5eca3cc2e5060bcbecf8caabe351,Passing,2025-08-23T01:14:52.447,Passing,2025-08-23T00:42:18.587,,2025-09-24T06:36:14.12,,gep13,Flagged,2025-08-23T02:33:15.76,Warning
57,wsltty,3.8.0.3,wsltty,48183,Gqp9whVNL+Wdy/o/bK5JisKRtz3WUjkRIit0qj9Tmhg+JcnlmafssebQu0CymF5NZoC7vYlsyfIwi6wR0No4Fw==,SHA512,2434690,https://github.com/AeliusSaionji/chocopkgs/tree/master/wsltty,Submitted,Waiting,https://gist.github.com/choco-bot/656f5115b1bebcdd520f2bc2a53920ec,Passing,2025-08-31T01:09:48.623,Passing,2025-08-31T00:42:24.6,,2025-09-24T06:35:50.74,,gep13,Flagged,2025-08-31T01:16:49.917,Warning
58,fzf,0.65.2,A command-line fuzzy finder,150728,B5USq46PMpNndEbBh62ZYMp1o4gCjGdOw57G49Ko6DpzouRH/pw4t53JQvYNLMMZvVPatX9ht7QG/sajWpJ9aQ==,SHA512,1852628,https://github.com/majkinetor/chocolatey/tree/master/fzf,Submitted,Waiting,https://gist.github.com/choco-bot/9b2c295d16a77d1bd597750e1883dffb,Passing,2025-08-31T15:39:55.063,Passing,2025-08-31T15:37:27.71,,2025-09-24T06:33:52.613,,gep13,Flagged,2025-08-31T18:27:02.093,Note
59,drivermax,16.19.0.23,DriverMax (Install),17096,XTR2K2KyMJmwMoRUf1ptEhdzP9sOpnIksr+4T/jQpeBqIinAxRXQKIeT41tgmcmgJOqrvje/yXJClJeDXDnyDg==,SHA512,5139,https://github.com/tunisiano187/Chocolatey-packages/tree/master/automatic/drivermax,Submitted,Waiting,,Exempted,,Passing,2025-09-18T16:27:19.153,,2025-09-24T06:33:16.69,,gep13,Flagged,2025-09-24T06:34:00.713,Note
60,musikcube,3.0.5,musikcube,6026,8wqTP/MZO00pjJmFbpL7v5m+ZfqvTBV8ZB/+EWTZmsnfhVYnKXjH1R7U6wnr+yhjLXHnlhtwjlCASG4XSY+3Ug==,SHA512,13754655,https://github.com/majkinetor/chocolatey/tree/master/musikcube,Submitted,Waiting,https://gist.github.com/choco-bot/612e83aa43770ba6db3f909ff3ae2045,Passing,2025-09-21T15:41:09.113,Passing,2025-09-21T15:38:22.127,,2025-09-24T06:31:00.893,,gep13,Flagged,2025-09-21T17:27:12.27,Warning
61,ngrok,3.27.0,Ngrok Agent,630209,QeMUvz/avZTun1U3Vqc5G/lQR4QrXNtcAgLeOGnatoKpEBkdQmFTreg7C1xMMZOx0W/vqTMCBDVX60R4LtYvUQ==,SHA512,3404,https://github.com/ngrok/choco-ngrok,Submitted,Waiting,https://gist.github.com/choco-bot/9cbec0173483bf1a2b3f3ddbe3679ca7,Passing,2025-08-29T01:41:36.373,Passing,2025-08-28T21:16:19.013,,2025-09-23T06:02:51.06,,Windos,Flagged,2025-09-23T06:03:20.707,Error
62,wheels,1.0.6,Wheels CLI,15,t8tmpd2WUdh8RHJhbYHiybjhm//oETejT9/h+wFCMcCh5EdJBbaqS1hAfmqc/DVDiwoEsZQWgBL4FIF4xNVb3g==,SHA512,5240,https://github.com/wheels-dev/chocolatey-wheels,Submitted,Waiting,,Pending,,Pending,,2025-09-28T15:49:25.377,2025-09-23T05:39:35.413,,Windos,Pending,,Unknown
63,authme.install,6.3.0,Authme (Install) - Simple 2FA Desktop Application,1390,7wpgASKb+et+FQkv2iWs3dydlVLl2VGtqeQwr19VXcmUVXxV2UPnSnE2lqCzcNFzDoEoVRpM6AKNT6Gz9VFNdg==,SHA512,3531865,https://github.com/dgalbraith/chocolatey-packages/tree/master/automatic/authme,Submitted,Waiting,https://gist.github.com/choco-bot/7179985028bccbd831edad1ecc03f318,Failing,2025-09-10T14:00:52.72,Passing,2025-09-10T04:50:36.01,,2025-09-23T05:37:32.643,,Windos,Pending,,Unknown
64,azion,4.5.0,azion,218,UnofkoVOvF5qXTqtl/FQ6WHaXk01eMvitcrsXl9qJlVThG6eY6dXT7fMsFHtVUXRb+qAMPAtH6wQUY5DWgz/Mg==,SHA512,20490258,https://github.com/aziontech/azion/tree/dev/chocolatey,Submitted,Waiting,https://gist.github.com/choco-bot/61c1272e0d9695bf2286da946429d38d,Passing,2025-09-20T15:01:02.75,Passing,2025-09-19T18:20:17.47,,2025-09-22T13:28:30.84,,gep13,NotFlagged,2025-09-20T21:28:13.11,None
65,azion,4.4.0,azion,218,3vARKTWQ+VKgBBbhH+e6seBLtdZzqeZTM2+KpjfznE8YBTtal6EyAI8ib5leHJx99zQaedy5G6FDYuDsnt7lhQ==,SHA512,20385028,https://github.com/aziontech/azion/tree/dev/chocolatey,Submitted,Waiting,https://gist.github.com/choco-bot/0e1b08f2bbce50be298ca1cac46e1007,Passing,2025-09-12T19:53:00.657,Passing,2025-09-12T19:50:21.547,,2025-09-22T12:58:19.53,,gep13,NotFlagged,2025-09-13T18:59:33.757,None
66,azion,4.1.0,azion,218,3CPkTSxjCSzZ5vfnU6ErYHsP2hpN3kj++5k8A/0O42I1wuF5SaNZfUdzRdb0J8NWx5kJRRai8hQqYJ1quxqRwQ==,SHA512,19827745,https://github.com/aziontech/azion/tree/dev/chocolatey,Submitted,Waiting,https://gist.github.com/choco-bot/1eed3249d2e6bd5c0fd2d1b40436289a,Passing,2025-08-21T23:28:06.607,Passing,2025-08-21T23:15:14.083,,2025-09-22T06:39:01.643,,gep13,NotFlagged,2025-08-22T02:16:36.873,None
67,azion,4.0.0,azion,218,dANpnCyQLnopvHaiSN84HwN8A8ALdzXCrZwbPE8uxRJjjD7xU3oaHXjdmJoh6lXZzLfwq2TKz5JPFWk9OS5I7Q==,SHA512,19827995,https://github.com/aziontech/azion/tree/dev/chocolatey,Submitted,Waiting,https://gist.github.com/choco-bot/b54481086ee4de0c19a4e2da7aa94dbd,Passing,2025-08-21T21:00:57.663,Passing,2025-08-21T20:53:38.327,,2025-09-22T06:38:57.887,,gep13,NotFlagged,2025-08-21T21:29:40.657,None
68,ubooquity,3.1.0,Ubooquity,4149,2dHHcfCIcidt4B3ATKd9gJf+IbxcMJo0b6wxCONYm6KJN9ODeuG8Wa3P4JbIQzERVMXK3c1Z/Rhel65uoifGnw==,SHA512,17747,https://github.com/tunisiano187/Chocolatey-packages/tree/master/automatic/ubooquity,Submitted,Waiting,https://gist.github.com/choco-bot/0e48b50e74e47d26c7360bfb3021a803,Passing,2025-09-19T20:08:25.07,Passing,2025-09-18T16:11:09.557,,2025-09-22T06:35:43.073,,gep13,NotFlagged,2025-09-19T21:50:13.973,None
69,sqlcl,25.2.0,Oracle SQL Developer Command Line (SQLcl),48,pBN0GtnToLkXp45/weD17MXaq1FPxe9zoZI20V38ob1kNZWeMbp0W9XFiJSPSU+Y9WQj6DLkvNFMkFf5t1TSxw==,SHA512,131483819,,Submitted,Waiting,https://gist.github.com/choco-bot/b573c2fcb94ee9e2c5c538c4c4b62470,Passing,2025-09-12T19:18:34.277,Passing,2025-09-12T19:14:38.58,,2025-09-22T06:34:51.77,,gep13,Flagged,2025-09-13T15:38:38.32,Note
70,rdmagent,2025.2.29,Remote Desktop Manager Jump,24788,pKdwXPQ/AkGK4HiVmQ2h4Hcbik9opBFpezfFiYcBirIkgqRghT+fprgkuBL3uyRGuxYrrXMT4EmpN/DyxmpmpQ==,SHA512,3455,,Submitted,Waiting,https://gist.github.com/choco-bot/dfb7c40c66c254e946e1a91405c51786,Failing,2025-09-22T01:12:40.627,Passing,2025-09-18T13:57:18.24,,2025-09-22T01:07:43.287,,Windos,Pending,,Unknown
71,frink,2025.9.1,Frink (Portable),1678,+Pd3mNmo+OV+IPqVbvtA3ljzUtxCr0VAnyoyII+q3Q0nj8/a6kPZkGZzRV0dkZPmf9c3AC3bv+8xqp3xwoAn4A==,SHA512,91156,https://github.com/tunisiano187/Chocolatey-packages/tree/master/automatic/frink,Submitted,Waiting,https://gist.github.com/choco-bot/37571cd3d2afc42e5f4f6f2bfd9b5b47,Failing,2025-09-22T01:18:41.263,Passing,2025-09-18T16:33:27.957,,2025-09-22T01:07:29.027,,Windos,Pending,,Unknown
72,openhab,5.0.1,openHAB,17356,JR25vuainPbQGGawUSfxjcIT1X/ruwnXUmPZsmbM39olrwDEFT17hudVCUUhuWcpAUXI0ggdhnY8FuieNeaRVw==,SHA512,65459,https://github.com/tunisiano187/Chocolatey-packages/tree/master/automatic/openhab,Submitted,Waiting,https://gist.github.com/choco-bot/c7979e3835d9adbe6d2347c77f2d39bf,Failing,2025-09-22T01:22:16.823,Passing,2025-09-18T16:39:23.73,,2025-09-22T01:07:14.197,,Windos,Pending,,Unknown
73,tautulli,2.16.0,Tautulli for Plex,3513,ZXKYU/McWPxX0YchKH2BgFqhQTfNR7RJ0DckylGhlvmhQF1WfVHWIyoMn32lO3IzLzDg6MKOJX2YGgX9nq9KwQ==,SHA512,17519,https://github.com/tunisiano187/Chocolatey-packages/tree/master/automatic/tautulli,Submitted,Waiting,https://gist.github.com/choco-bot/494b32c5f310712463a7a1d96d0b38e1,Failing,2025-09-22T01:24:02.797,Passing,2025-09-18T16:45:34.51,,2025-09-22T01:06:45.483,,Windos,Pending,,Unknown
74,s3browser,12.9.7,S3 Browser,60058,KGFXMzp0Jg/17IV753i8ehFiSY8KW8rEpsrioG6MSZDp1JoZ3Xw/hwJ4UK9pcSIaBEagbUsMVw4DRTnKjIupUw==,SHA512,3809,https://github.com/pauby/ChocoPackages/tree/master/automatic/s3browser,Submitted,Waiting,https://gist.github.com/choco-bot/2028ac455b3ba059ef609b11aa72eaa2,Failing,2025-09-22T01:08:26.13,Passing,2025-09-18T18:45:36.917,,2025-09-22T00:59:13.29,,Windos,Pending,,Unknown
75,1cfresh-client,8.3.27.1630,1cfresh-client (Install),234687,NBnnKVrQiDB49NcApBd6KF/H9OmkqKj92h3Ym04FkXd+NfOvx1vscJVQNeGGLIdMCe8y4iMNwuY61e+CMD9pmQ==,SHA512,3546,https://github.com/mitiya/chocolatey-packages/tree/master/1cfresh-client,Submitted,Waiting,,Pending,,Failing,2025-09-22T00:42:04.43,,2025-09-22T00:40:02.163,,Windos,Pending,,Unknown
76,pladoo-draw,2.1.0,Pladoo Draw,16,EaKa3ebxwbRjNYc3Ut4pLcXVPaUeOYb5f6DAeVJvqs3gs9mAaqduL7DsO0TczVMDeJ4iAzyqnOA53YG7wlE8ag==,SHA512,6889,https://github.com/duhsoares21/PladooDraw,Submitted,Waiting,https://gist.github.com/choco-bot/99802bc1dc8237212d6db082a1c88806,Passing,2025-08-11T15:46:49.813,Passing,2025-08-11T15:33:23.74,,2025-09-22T00:26:35.877,,Windos,Flagged,2025-08-11T15:55:28.7,Note
77,ssrs-2022,16.0.1118.33,Microsoft SQL Server 2022 Reporting Services,797,JWU34W4gbK+Ose7cua77E8aTjNdpuSgyNYxhcPD3w4+9x9XOA2MEYrtKfyufLKwv0NwmXaHMpomWdFefs/gS0Q==,SHA512,5166,https://github.com/riezebosch/BoxstarterPackages,Submitted,Waiting,https://gist.github.com/choco-bot/987acb1cf71c8084108c734909fad7fd,Passing,2025-09-20T15:12:41.717,Passing,2025-09-19T18:40:53.463,,2025-09-22T00:18:43.723,,Windos,NotFlagged,2025-09-20T23:00:34.637,None
78,axonopsworkbench,0.9.34,AxonOps Workbench (Install),325,XT1k1MTMnvbN6vftAgm9SW5yGOrmbcnnH9T3qwO2ZC0NmQeOPruz7mHQ/5KG6Ya1TVAKDK7HGmDAIs8g4UPw7A==,SHA512,6857,,Submitted,Waiting,https://gist.github.com/choco-bot/51583cb5cba281a6eaae9e29bb947f94,Passing,2025-08-08T06:51:57.127,Passing,2025-08-08T06:01:03.35,2025-10-03T03:44:17.201185Z,2025-09-13T03:41:04.803,,flcdrg,NotFlagged,2025-08-08T07:08:50.723,None
79,yandex-music,1.0.0,Yandex Music,13,5xNDDOoVyOgbW+Wz9SSKB/0KwNO0j6phJm5CLlc4oa53SQPh1Df9tchGiDrzc8wFKPuZrWuc3BJHCTjk9wqquQ==,SHA512,5866,,Submitted,Waiting,https://gist.github.com/choco-bot/24183466582117658293d79dd788bdd2,Passing,2025-08-07T16:32:10.47,Passing,2025-08-07T08:43:10.007,2025-10-03T03:39:14.5154487Z,2025-09-13T03:38:57.557,,flcdrg,NotFlagged,2025-08-07T16:48:30.1,None
80,kDg.FlaUInspect,2.0.0,kDg WPF FlaUI Inspector,18,tPbCGGhlZ9i83/7fwc6YYts1N/nbFnnObyQTDMVXgMx5YG8pVHd6h5BYxK4zuj/ezfkDjTlOIweI2LpTWVoxNg==,SHA512,7442644,https://community.chocolatey.org/packages/kDg.FlaUInspect/2.0.0,Submitted,Waiting,https://gist.github.com/choco-bot/f9fa046cb295fe77441a073dd4c85c1d,Passing,2025-08-04T20:20:20.377,Passing,2025-08-04T20:04:41.137,2025-10-03T03:39:11.2692298Z,2025-09-13T03:37:23.66,,flcdrg,NotFlagged,2025-08-04T20:53:36.9,None
81,azion,4.3.0,azion,218,2I1AuT1Gy18UDuNsky468PXsjGsL4PF8izfQsRhKrb1dtEstGiDrzgjrc+soxcgqXzsr9sIaR/raz9GfjIhvHg==,SHA512,19905584,https://github.com/aziontech/azion/tree/dev/chocolatey,Submitted,Waiting,https://gist.github.com/choco-bot/57bf34fc7c6df13b383e8c3e4027a80b,Passing,2025-09-02T18:15:52.543,Passing,2025-09-02T18:12:59.267,2025-10-02T14:03:56.418741Z,2025-09-12T14:01:31.643,,gep13,NotFlagged,2025-09-02T19:56:04.177,None
82,azion,4.1.4,azion,218,L0SjTRx1guSTWP6RUaCIwA7btB2w+UagOLexoT6wObJgq/iR9CxEQHDFa1wVNGUJCxHCIWLQnVjLptZ7qt/Ucg==,SHA512,19846536,https://github.com/aziontech/azion/tree/dev/chocolatey,Submitted,Waiting,https://gist.github.com/choco-bot/c6e377abdedb14e8f409ab82e92547a4,Passing,2025-08-27T20:45:41.93,Passing,2025-08-27T20:41:35.077,2025-10-02T13:28:55.8554527Z,2025-09-12T13:26:09.447,,gep13,NotFlagged,2025-08-27T23:45:21.527,None
83,azion,4.1.3,azion,218,Fof5dFliLLEoVsdRVgivfusIx+3bsoN6W+BKb9nz34NzhCbIShLDkJxkEZk7j30uljda3I3e87Dg8c+1yhI8PQ==,SHA512,19846531,https://github.com/aziontech/azion/tree/dev/chocolatey,Submitted,Waiting,https://gist.github.com/choco-bot/cd4ae503994f4bca355b8d1299805184,Passing,2025-08-27T18:19:01.587,Passing,2025-08-27T18:13:06.54,2025-10-02T13:28:55.3210341Z,2025-09-12T13:25:49.823,,gep13,NotFlagged,2025-08-27T20:01:51.937,None
84,azion,4.1.2,azion,218,VQy/VEqup/s/3ofEvGhBS+e89O6ZDSXUWxgkOPczD1mYK5hKlzvA9bk92N0TQ2Byjb8e9/rqFysuwwMar1ZV5w==,SHA512,19847489,https://github.com/aziontech/azion/tree/dev/chocolatey,Submitted,Waiting,https://gist.github.com/choco-bot/7b2af830d39667ade5bd133c5b89a89b,Passing,2025-08-26T17:25:28.573,Passing,2025-08-26T17:05:42.67,2025-10-02T13:28:55.0287918Z,2025-09-12T13:25:36.953,,gep13,NotFlagged,2025-08-26T19:09:17.627,None
85,azion,4.1.1,azion,218,A81WN6Kwarpns3VqkvaRc1Avppbjci8A1dq47l6zZ5+VxTKXp1RrNBY6WUWBZ8Dd0/kpxADYSjhJgQrFEhfbpQ==,SHA512,19840489,https://github.com/aziontech/azion/tree/dev/chocolatey,Submitted,Waiting,https://gist.github.com/choco-bot/4f289ab5cd01795804ca43da4d7e6d47,Passing,2025-08-22T18:41:31.437,Passing,2025-08-22T18:34:36.777,2025-10-02T13:28:54.5930812Z,2025-09-12T13:25:23.653,,gep13,NotFlagged,2025-08-22T20:19:43.853,None
86,kiro,0.1.25,Kiro,27,wa599RT0GJUe2xm7SbNPKoEBd6XVcTd+4ttcQdDi1nHiP5PmkHTKraklr9Rs6q3tP3nTGd5HHzeUKk8mUbsH5Q==,SHA512,4820,https://github.com/publicfacingusername/choco-kiro,Submitted,Waiting,https://gist.github.com/choco-bot/042e845134c9863d42a853647e0be73c,Passing,2025-08-01T06:48:50.12,Passing,2025-08-01T04:44:21.823,2025-09-29T07:57:31.7028076Z,2025-09-09T07:56:45.323,,gep13,NotFlagged,2025-08-01T07:05:59.527,None
87,mp,1.0.0.1,mp - MIDI Proxy,24,g9sYrW9WdReIPWTxG60j4ORdXaxuUT2B9/e3zd6qnaCAsfBEwhmRHDSlc7MQIQoc4pKGAn5xeui7oyo07MVIig==,SHA512,3429772,https://codeberg.org/ClaudiaCoord/MIDI-Proxy/releases/latest,Submitted,Waiting,https://gist.github.com/choco-bot/a1d7c019b7837f6fd120391b413c81da,Passing,2025-07-21T01:49:27.503,Passing,2025-07-21T00:59:33.087,2025-09-28T07:34:14.93,2025-09-08T07:33:09.35,,gep13,NotFlagged,2025-07-21T02:06:17.84,None
88,GameHubs,3.2.3,Game Hubs,27,Y9PefAoiUsjFWut56f6GqRDVyu8Bdv3UAhG1I7pRJymOH12+Vb0hBpFcm0pSE7dJhvZGzmT6kC2SeeqSYK6zPw==,SHA512,169687945,https://github.com/hubservices-vn/game-hubs-ts,Submitted,Waiting,https://gist.github.com/choco-bot/410891598dbd55643517162459930bdd,Passing,2025-07-23T20:42:06.727,Passing,2025-07-23T17:23:20.42,2025-09-28T07:29:11.693,2025-09-08T07:25:20.457,,gep13,Flagged,2025-07-23T21:45:30.457,Note
89,flameshot,13.1.0,Flameshot,46061,2suRkDqeBRu/h8CUB//KleS6NXaYtCuLkV3iXO73Q8d1k3UK51cF39wXh8wilkL+8/Fhdi+J9/ZCzFqxlZQHUw==,SHA512,25581113,https://github.com/majkinetor/chocolatey/tree/master/flameshot,Submitted,Waiting,https://gist.github.com/choco-bot/f8b10e6fe6e752adf7b049a5a7339875,Passing,2025-09-07T15:51:56.857,Passing,2025-09-07T15:38:28.167,2025-09-28T06:59:10.99,2025-09-08T06:58:30.047,,gep13,NotFlagged,2025-09-07T17:09:41.92,None
90,freeencoderpack,2025.08.29,foobar2000 Free Encoder Pack,20990,mAgm729ntnYHyILoJQ+b5S83ON25Szi+N+x/gIlHJ2c6SrnuboF/H1H1mC6PcIeAdGSBPnLQ71pdFMw5O3j5gA==,SHA512,5572705,https://github.com/majkinetor/chocolatey/tree/master/freeencoderpack,Submitted,Waiting,,Pending,,Failing,2025-09-07T15:38:19.12,2025-09-27T15:38:52.407,,,,Pending,,Note
91,imagemagick.tool,7.1.2.300,ImageMagick (Portable),173142,IWZTmj/r3bEbjnXrpP9qi2xDoJXPbR50ftZgvf5Y1POkt9kpA7QQItb7v1GXeX45uTXPBuIh9a4LGW+kjepPVQ==,SHA512,21609191,https://github.com/bdukes/Chocolatey-Packages,Submitted,Waiting,,Exempted,,Failing,2025-08-31T10:37:54.83,2025-09-20T10:38:35.54,,,,Pending,,Unknown
92,imagemagick.tool,6.9.13.2900,ImageMagick (Portable),173142,+imG8xEG5ySqN4I6RFDS6uHaMorsMBmumELtXTnshI+euJJatl8W3udViiSDU2Gb8mrxbuIdjcaM4XdLhJh/Qg==,SHA512,142858690,https://github.com/bdukes/Chocolatey-Packages,Submitted,Waiting,,Exempted,,Failing,2025-08-31T10:38:05.173,2025-09-20T10:38:37.67,,,,Pending,,Unknown
93,naps2,8.2.1,NAPS2 (Not Another PDF Scanner 2),454103,EcwmygK1+d/ExskrLc6xx7sZv+ZF3QknrO337oH4NWYeK/Vbal2kiUDq/NJ37dILNm8/BAEuOIcpuYuysfd1uw==,SHA512,3588,https://github.com/dgalbraith/chocolatey-packages/tree/master/automatic/naps2,Submitted,Waiting,,Pending,,Pending,,2025-09-21T04:18:56.403,,,,Pending,,Unknown
94,tinytex,2025.9.0,TinyTeX,57275,KVtx7Kz++TgrPaKrgdT8I+sxTwSR8Mjg6ULjEEK3P5v3t7uIEPlSqm1PvSGJBdz+VWlxpHfFQwxzelsj//3sqg==,SHA512,4324,https://github.com/rstudio/tinytex-releases/tree/master/choco,Submitted,Waiting,https://gist.github.com/choco-bot/68c73f0cd58cba9b3dc6b66239668dfc,Failing,2025-09-01T09:23:15.243,Passing,2025-09-01T08:04:35.707,2025-09-21T08:06:32.53,,,,Pending,,Unknown
95,telegram,6.1.0,Telegram,854692,HnE863hWGC/fq/nlk/Hr1QSkRtHEYcNKD1CNk+rlczsmCiVyfNZgsYDW/vcxMdofk3Ibe2y10qY6VChO037vag==,SHA512,5153,https://github.com/SebastianK90/chocolateyautomaticpackages/tree/master/telegram/,Submitted,Waiting,https://gist.github.com/choco-bot/e3880fb2aee815b1f4bc0441b2f91182,Failing,2025-09-04T20:35:43.437,Passing,2025-09-04T19:43:04.957,2025-09-24T19:47:57.46,,,,Pending,,Unknown
96,sql-server-2017-cumulative-update,14.0.3490.10,Microsoft SQL Server 2017 Cumulative Update 31,77585,WXZUGPHBpbhkbQTLAi0As40RIdbmkqib+qI3T8WB4jefKPqCJwxNteKkwkAHNPCnD8MX7iu6b9usMs2Lg4uf7w==,SHA512,4422,https://github.com/flcdrg/au-packages/tree/master/sql-server-2017-cumulative-update,Submitted,Waiting,https://gist.github.com/choco-bot/054adba2638a712085924a795810d84a,Failing,2025-10-01T07:22:29.8021239Z,Passing,2025-09-02T07:35:41.147,2025-09-22T07:36:54.54,,,,Pending,,Unknown
97,newrelic-cli,0.104.0,newrelic-cli,59664,2FJsPDKPbEazPtx++YvJUpvOlBpTqse/zotLjHAvmjuREfmgfKMNhMaNj0OYvhmCefYSuAXfLJw1TOulF92C0Q==,SHA512,10385,https://github.com/newrelic/newrelic-cli,Submitted,Waiting,https://gist.github.com/choco-bot/c98dea2fc1e52b9eb71a65043b77019d,Failing,2025-09-02T13:25:15.01,Passing,2025-09-02T09:38:03.06,2025-09-22T09:41:57.167,,,,Pending,,Unknown
98,royalts-v7-arm64,7.03.50902,Royal TS V7 ARM64,1159,XLy8RNkrRjdpmPJ2rygpFwkwXwyTGkIXpV7Clz3vMk9KoI6KlGYccUTk8y7s988WAj7Ip+F6cCZ/kf9Al07KXw==,SHA512,4060,https://download.royalapps.com/royalts/royalts_7_arm64.nuspec,Submitted,Waiting,https://gist.github.com/choco-bot/1d5552932153c1deb651b5de85e9b36f,Failing,2025-09-02T14:41:13.637,Passing,2025-09-02T14:29:58.39,2025-09-22T14:31:59.597,,,,Pending,,Unknown
99,kubernetes-helmfile,1.1.6,Helmfile,12721,+m7FtiVJIB7iDFiNK0YMfOQvim0vMMJ3RIklMHPFOoOstTvrTdMDkSKXE3IDM8CbylcbBapEgpZfUI7A5CRsDw==,SHA512,2605,https://github.com/n0y/chocolatey-kubernetes-helmfile,Submitted,Waiting,https://gist.github.com/choco-bot/9d9cb154c5335aa7da6d0dc5585b37ab,Failing,2025-09-03T05:47:12.02,Passing,2025-09-03T05:34:12.963,2025-09-23T05:37:25.16,,,,Pending,,Unknown
100,goland,2025.2.1,JetBrains GoLand,37632,7E1E1FRiTjT5qhJWT9T3G3dDkH1muaznRU31T++/YMSEe2svUx10eZXZrKFEfvKqg4Xb2KjAyUon67B9hs4jIA==,SHA512,4265,https://github.com/mkevenaar/chocolatey-packages/tree/master/automatic/goland,Submitted,Waiting,https://gist.github.com/choco-bot/7643552f1ba8d5b5c444a0fb4f3c5f48,Failing,2025-09-03T11:38:09.193,Passing,2025-09-03T10:49:53.457,2025-09-23T10:52:29.33,,,,Pending,,Unknown
101,viber,26.1.0,Viber,247018,p0t+SC44CXJrLQoTHeuXyKOml1Mh9n8gWSP7jfs1LpZVQGsx1jarfcITK/aX9K44oItIKcDAhfxQmFR+VSSjgA==,SHA512,3340,https://github.com/mkevenaar/chocolatey-packages/tree/master/automatic/viber,Submitted,Waiting,https://gist.github.com/choco-bot/a94c226047e97db046ae451405cba8e6,Failing,2025-09-03T15:44:37.71,Passing,2025-09-03T14:53:05.77,2025-09-23T14:57:32.643,,,,Pending,,Unknown
102,reaper-sws-extension,2.14.0.6,Reaper SWS Extension (Install),1931,5Cdn/0exCPxB+UqktmeuWf+CdQJvZJVpXqfWbSxg8YXo2ak10UHVPm6lP5QqSC+4CEq1+9bhFqWpsReS7zuovA==,SHA512,3827,https://github.com/Sam13/chocolatey-packages/tree/master/automatic/reaper-sws-extension,Submitted,Waiting,https://gist.github.com/choco-bot/f6933a8448c4b24d35d74888204bdf19,Failing,2025-09-04T04:10:54.307,Passing,2025-09-04T00:40:13.497,2025-09-24T00:42:38.577,,,,Pending,,Unknown
103,vscode-java,1.45.2025090308,Java Language Support VSCode Extension,103870,mq28EzlxpjwZASEDYHq69fxh7674TDdF0p3jTQ8BFIgqI9cjqbHoVkZJAuCjgMWRjEUiB6g0Y3UM57iKdU87oQ==,SHA512,51909956,https://github.com/dgalbraith/chocolatey-packages/tree/master/automatic/vscode-java,Submitted,Waiting,https://gist.github.com/choco-bot/ccc4b8a9502a894fed838d8328bc088f,Failing,2025-09-04T11:30:54.127,Passing,2025-09-04T04:59:06.56,2025-09-24T05:02:43.267,,,,Pending,,Unknown
104,jfrog-cli-v2-jf,2.78.10,JFrog CLI V2-jf,103613,xXxbEJ7BzZeIQBIKDffwUD64ynHZVG+UadXAxsOSQHoglwVZHV2oqP/jIn5leALzOdu66aBfXQ5DeUlh0vxWHA==,SHA512,20248076,https://github.com/jfrog/jfrog-cli,Submitted,Waiting,https://gist.github.com/choco-bot/0bacd937f43a95a79b4ad9de4c7fa50e,Failing,2025-09-04T12:29:26.177,Passing,2025-09-04T07:42:28.39,2025-09-24T07:42:45.337,,,,Pending,,Unknown
105,jfrog-cli,2.78.10,JFrog CLI V2,999374,2nlk0DH6mOciarLk2M753hz/l8siRAu7wLTv7jslCP8yV2WJOsuQxgaw33lllnfc8ySps6RVeNyNDJeR/+fNXw==,SHA512,20248048,https://github.com/jfrog/jfrog-cli,Submitted,Waiting,https://gist.github.com/choco-bot/cd5cdd3f3e46f7c0b377b3f8e2d32bd9,Failing,2025-09-04T12:32:07.277,Passing,2025-09-04T07:57:36.257,2025-09-24T07:57:46.75,,,,Pending,,Unknown
106,vmagent,1.125.1,Victoria Metrics Agent,1151,UP5VQrXsgfoXv4hdNxaKPZh7JS/RysYj6Zisqtr15HF9GMsPXkqQ/ewK7etZpSBB2RASEwLTBlk0+qjKltm86w==,SHA512,4416,https://github.com/symflower/vmutils-bin,Submitted,Waiting,https://gist.github.com/choco-bot/5f802d3f5de1257c64d01786042acc9d,Failing,2025-09-04T13:33:40.293,Passing,2025-09-04T13:14:21.04,2025-09-24T13:17:50.493,,,,Pending,,Unknown
107,loki-logcli,3.5.4,logcli: Loki CLI interface,1038,McXxV4KUHjgecjMu3v2Nqdo9LSSIN80QaNxWn9/FO4kywcWXcOha2FLQgEt86vFY3P9tTDRU8ScU0t1+Mcb3oA==,SHA512,2583,https://github.com/n0y/chocolatey-loki-logcli,Submitted,Waiting,,Pending,,Failing,2025-09-04T13:32:39.377,2025-09-24T13:32:51.887,,,,Pending,,Unknown
108,viber,26.1.1,Viber,247018,nneTA2lfXueyuIWM7lBcxoCka9xaUY7cOLSZhGpeAZfb17VJeqfBsvnHT6c0B+SjDBt95025EjXIT3HY7hbQ+w==,SHA512,3340,https://github.com/mkevenaar/chocolatey-packages/tree/master/automatic/viber,Submitted,Waiting,https://gist.github.com/choco-bot/bc9cebf21e3a4f1898168fd562b831d1,Failing,2025-09-04T15:16:57.78,Passing,2025-09-04T14:56:04.15,2025-09-24T14:57:53.157,,,,Pending,,Unknown
109,cloudquery,6.28.0,CloudQuery,21206,v9PprZDubGbTtWvI2dUdekkLYwfUYcpYRvYVh0NWZCjVVQm5JV1/p39HcF6bmsdW/lhhMcf9O69GGX53aByTEA==,SHA512,12501235,https://github.com/piraces/chocolatey-packages,Submitted,Waiting,https://gist.github.com/choco-bot/9df8128c5e3578766fa310a33bb8bd67,Failing,2025-09-04T20:12:13.043,Passing,2025-09-04T18:40:46.483,2025-09-24T18:42:56.197,,,,Pending,,Unknown
110,telegram,6.1.2,Telegram,854692,JCU08OFmZraElQozgypkb5VBpNwy++OOZmqLg0lkxHqMxgYGClWz54TQ4ac5+5MDHp9VLuzzlcCnnUAldC37UA==,SHA512,5156,https://github.com/SebastianK90/chocolateyautomaticpackages/tree/master/telegram/,Submitted,Waiting,https://gist.github.com/choco-bot/2b5659062b7653e9a56b834d7dfc95a8,Failing,2025-09-06T21:48:28.177,Passing,2025-09-06T21:43:44.743,2025-09-26T21:48:38.387,,,,Pending,,Unknown
111,dependabot,1.72.0,Dependabot,248,Hs/eMleZGHn9hjtttmMq6wWA56P614c5ebYgdyjN57e9PZPuPF1QC72TNDhKk/NyXvlLoNMjQ9OV9NCp7JtggA==,SHA512,3354,https://github.com/tragiccode/chocolatey-packages/tree/master/dependabot,Submitted,Waiting,https://gist.github.com/choco-bot/93440a175232009742db041cc8d8291c,Failing,2025-09-05T00:41:28.737,Passing,2025-09-05T00:39:22.42,2025-09-25T00:43:03.3,,,,Pending,,Unknown
112,viber,26.1.2,Viber,247018,C2OgaY4xdhzA+cg1za08KpZpZNYacOM4MS5YTNDDKn+pBA+TwRZsaUcbVJ+OKGK4RA2s/nt0p6oG1fNfgCcFuw==,SHA512,3341,https://github.com/mkevenaar/chocolatey-packages/tree/master/automatic/viber,Submitted,Waiting,https://gist.github.com/choco-bot/cc129945874aa77a3e5c3f050ffac49f,Failing,2025-09-05T19:39:42.33,Passing,2025-09-05T18:52:07.55,2025-09-25T18:53:15.753,,,,Pending,,Unknown
113,mpvio,0.40.0,mpv,21658,TUbdqo4n8UY5C0lMQz3WLxPgQ/aD1NdkqfbahItaDSFfK9KC6v48L74xrjDzLeSScVvmvu3ntWk5aTyqgwTSwA==,SHA512,4260,https://github.com/AeliusSaionji/chocopkgs/tree/master/mpvio,Submitted,Waiting,https://gist.github.com/choco-bot/fc3bc3d18d1eb55530c870dc7dd5c2a7,Failing,2025-09-06T01:46:01.337,Passing,2025-09-06T01:28:54.407,2025-09-26T01:33:20.293,,,,Pending,,Unknown
114,vscode-java,1.46.2025090508,Java Language Support VSCode Extension,103870,G7CKR9pD/s3S9NulL1anTwOJi0v2be7T7uyrmTtLWY9gSxyME8ta15vaAAtM1hEACuKhN4HuvgRJiybUAc+VBw==,SHA512,51913609,https://github.com/dgalbraith/chocolatey-packages/tree/master/automatic/vscode-java,Submitted,Waiting,https://gist.github.com/choco-bot/507098282c84078e0b2e44e7e3900063,Failing,2025-09-06T05:53:30.44,Passing,2025-09-06T05:00:57.637,2025-09-26T05:03:26.633,,,,Pending,,Unknown
115,clipstudio-paint,4.1.4,Clip Studio Paint,6702,8xd8LFhCMNf6X21s4a74aUKB/Mpd30NstfpZCBzax8M6gPJ/w1Pfq2XZB2BD47yf0AjV39mibZShYrDT+UkYPQ==,SHA512,7678,https://github.com/jakublevy/chocopkgs/tree/master/clipstudio-paint,Submitted,Waiting,https://gist.github.com/choco-bot/8f324071acde1c4614b80fd57fe56ce3,Failing,2025-09-25T00:45:43.227,Passing,2025-09-06T21:58:59.827,2025-09-26T22:03:38.973,,,,Pending,,Unknown
116,safeexambrowser,3.10.0,SafeExamBrowser,33303,IU+pANXxLMwTY8465Se4t6w3SIJUrzIrVxJmu6AVJsXMS7myNUGoBCxJPn2S9AIT+7h9zJT4tnQdIa13n1rXrA==,SHA512,3047,https://github.com/DanielWahlgren/chocolatey-packages/tree/master/safeexambrowser,Submitted,Waiting,https://gist.github.com/choco-bot/07f1469463bd9e29eadf7285b4abcd3e,Failing,2025-09-28T01:23:04.64,Passing,2025-09-28T00:36:17.077,,,,,Pending,,Unknown
117,vscode-java,1.46.2025090608,Java Language Support VSCode Extension,103870,oQNyB9pcVXfy2tRFhLouoUT4SoISDQqkfCk+ZIMQscVIpK595mCoh3/fgEkSwQXwOrzFr1kBvysJ5EcOLeOerA==,SHA512,52027846,https://github.com/dgalbraith/chocolatey-packages/tree/master/automatic/vscode-java,Submitted,Waiting,,Pending,,Failing,2025-09-07T04:54:30.42,2025-09-27T04:58:46.3,,,,Pending,,Unknown
118,reaper-sws-extension,2.14.0.7,Reaper SWS Extension (Install),1931,BTLLMRCzOAdjg5m/TA3NPfuqEGSR0e8Z8YTvcbEQ2z7uuBEGWKy4awBEdoVi0RYzV0YNbtg4dn2oQGuA6u6D/g==,SHA512,3828,https://github.com/Sam13/chocolatey-packages/tree/master/automatic/reaper-sws-extension,Submitted,Waiting,https://gist.github.com/choco-bot/6dbe5521769dc2993a4ec2ecf6efd8f1,Failing,2025-09-08T01:36:57.91,Passing,2025-09-08T00:40:20.123,2025-09-28T00:44:01.82,,,,Pending,,Unknown
119,stripper,1.0.0,Stripper - Code Cleanup Tool,6,pDp44o0GTHlFc7MPYs29gAIpi2HfTvIKU+xngPgrnepOzKHZNiBXzaxlqOD+qq8JptMugbVTs33/H2BOGbSVVA==,SHA512,1603542,https://github.com/zeusnotfound04/stripper,Submitted,Waiting,,Pending,,Failing,2025-09-08T01:37:04.69,2025-09-28T01:39:02.647,,,,Pending,,Unknown
120,newrelic-cli,0.104.1,newrelic-cli,59664,9yxlzfRvqkl3/UXZHi5H+NT/6gsTjuTKu/sOJJ39X6P3FHPUyXDMhg31xsYdzQ81j5YUbaYffTrps9zSLMib2A==,SHA512,10385,https://github.com/newrelic/newrelic-cli,Submitted,Waiting,https://gist.github.com/choco-bot/02fbeae3c2d92561b6a51f480facce68,Failing,2025-09-08T10:50:07.617,Passing,2025-09-08T10:21:12.26,2025-09-28T10:24:20.06,,,,Pending,,Unknown
121,materialicon-vscode,5.27.0,Material Icon Theme VSCode Extension,6582,7AceaEUfpQ+gG0Gh/kVTAvHxnE3n4L1LNz7HWcAH9/9Hh45dV6mzvphRgRwQPPfibEFJ6dvdO25Z/ODXbUn/hA==,SHA512,3113,https://github.com/Windos/chocolatey/tree/master/_auto/materialicon-vscode,Submitted,Waiting,https://gist.github.com/choco-bot/f6f56b1a951d026fd96325834710aa1e,Failing,2025-09-09T02:31:13.86,Passing,2025-09-09T01:42:19.803,2025-09-29T01:42:21.4175492Z,,,,Pending,,Unknown
122,jadx,1.5.3,JADX (Portable),10616,gVBWeK+LmM3AV4782G91Yqba9LivpsBY9FvOOmS7L4liWlTwFt1orT5NCTuHDfRQZtH5Bga4vpqKJmxSBgUA4A==,SHA512,116642469,https://github.com/franklinyu/chocolatey-packages/tree/master/automatic/jadx,Submitted,Waiting,https://gist.github.com/choco-bot/2274ee3af4e62c962e0682d08fe9a699,Failing,2025-09-09T04:57:08.413,Passing,2025-09-09T03:53:36.617,2025-09-29T03:57:26.1723779Z,,,,Pending,,Unknown
123,newrelic-cli,0.104.2,newrelic-cli,59664,BLo2UiS47rsLLbAVtheNW9Pz2eUHnV2bNfJQ0USoZ5c6z5xEvU+eJkjCBzvnJRntaD8FDm+4qGVV5jblOtcIaw==,SHA512,10386,https://github.com/newrelic/newrelic-cli,Submitted,Waiting,https://gist.github.com/choco-bot/5fc6368219fd2d948b3ba803b4d8d136,Failing,2025-09-09T14:20:55.93,Passing,2025-09-09T14:14:38.357,2025-09-29T14:17:39.8408239Z,,,,Pending,,Unknown
124,steelseries-engine,94.0.0,SteelSeries Engine,28765,BI/sTZfMzUNt0MgsRI2UIkJjeVKqyl7refJV26T5JXTAsVgmY+VyOWH2llgp0GSzpfb5xIpKRt4uYAAVpZzbaw==,SHA512,3318,https://github.com/chtof/chocolatey-packages/tree/master/automatic/steelseries-engine,Submitted,Waiting,https://gist.github.com/choco-bot/0b8c51b20cce351a4b6b40957141f040,Failing,2025-09-09T17:53:56.067,Passing,2025-09-09T17:06:19.977,2025-09-29T17:07:42.0388446Z,,,,Pending,,Unknown
125,winget.powershell,1.11.460,WinGet PowerShell Module (Microsoft.WinGet.Client) (Install),298462,lChqkspqFm/Ha7TZBgpDEFHD2l/FvxHKUwgHz5drhVt4kEM5RI7dif4svYXJflv+ep+diiwEOPhRzwvKjI0+ew==,SHA512,20643476,https://github.com/pauby/chocopackages/tree/master/automatic/winget.powershell,Submitted,Waiting,https://gist.github.com/choco-bot/3450c6ae4491d7b23c62fb86856331c3,Failing,2025-09-10T09:32:06.977,Passing,2025-09-10T00:49:48.677,2025-09-30T00:52:47.2897456Z,,,,Pending,,Unknown
126,vlc-nightly,3.0.21.20250910,VLC Nightly,648781,q3vVL303lsr9bVI6CqbJIeI70d2PuEMSc+VjhxecxTUHqx1Tdtiu/Az2nJm3hvc81K8dZIBZ+w34aa5g+8bmZA==,SHA512,41783196,https://github.com/mkevenaar/chocolatey-packages/tree/master/automatic/vlc-nightly,Submitted,Waiting,https://gist.github.com/choco-bot/e5793d6e7c98b75518c5d1f2ed0e8072,Failing,2025-09-10T12:10:31.43,Passing,2025-09-10T02:52:34.387,2025-09-30T02:52:50.4449148Z,,,,Pending,,Unknown
127,authme.portable,6.3.0,Authme - Simple 2FA Desktop Application,914,Sl015kcny17iPZbPd7dKVtCu3wUckQF6SBwfFvdWOCrI+oPa/1Zh0SVnWjSAk0osS98d5Sujs659ndmU+0emrQ==,SHA512,3549216,https://github.com/dgalbraith/chocolatey-packages/tree/master/automatic/authme,Submitted,Waiting,https://gist.github.com/choco-bot/40328b557d4bb200fc1dce59eb1995b0,Failing,2025-09-10T14:02:05.537,Passing,2025-09-10T04:50:43.227,2025-09-30T04:52:53.4037312Z,,,,Pending,,Unknown
128,datadog-fips-agent,7.70.1,Datadog FIPS Agent,2942,83eQztr0SQ7AIwNf0gnalI42FXUsKN38xdezFx6hxmM9Ys+saXHHgYTGyCHU4UpdLSEW9Zl6LYvEUC1jMPuxYQ==,SHA512,7859,https://github.com/DataDog/datadog-agent/tree/main/chocolatey,Submitted,Waiting,https://gist.github.com/choco-bot/1601fbd1c7f28c7a39d9075e1e99dd5e,Failing,2025-09-10T20:49:00.583,Passing,2025-09-10T12:57:20.92,2025-09-30T12:57:58.7250017Z,,,,Pending,,Unknown
129,eclipse-java-oxygen,2025.9.0,Eclipse IDE for Java Developers,138614,30gef+yo+AYSt3oC15842o2xXr8Cd/1ZqMiMOCl4oUNDHhcvn6IncY79MNG0P5G87Z3Ceupb6c+6javE36NBTA==,SHA512,3990,https://github.com/chtof/chocolatey-packages/tree/master/automatic/eclipse-java-oxygen,Submitted,Waiting,https://gist.github.com/choco-bot/d10f1d1dd2559dec5a50cbe44d9e257d,Failing,2025-09-10T23:13:18.987,Passing,2025-09-10T17:00:04.473,2025-09-30T17:03:01.6822791Z,,,,Pending,,Unknown
130,teamcity-preinstalledjre,2025.7.2,TeamCity Continuous Integration Server (Existing JRE),9693,3WYNqQAQH3culpZkFaccjP84h0K0r80L/uxbUKslkfv0ZrTFbX0XHWJhW+Sny+eqjLB/+L+yPoVB7wdIhL0FEA==,SHA512,6108,https://github.com/flcdrg/au-packages/tree/master/TeamCity-PreinstalledJRE,Submitted,Waiting,https://gist.github.com/choco-bot/900806713947e95ebc62faabcb353544,Failing,2025-10-01T08:41:51.563,Passing,2025-09-12T01:37:56.967,2025-10-02T01:38:42.4247776Z,,,,Pending,,Unknown
131,ngrok,3.28.0,Ngrok Agent,630209,LhG8VOWeb0+c+JQvTtIxrDKGgA6ru0CuNKPJdFB4s7cb5GCvkoFFIiwLKT2jSdN0HFrJw7iQHXeYZl/tgh4UOw==,SHA512,3404,https://github.com/ngrok/choco-ngrok,Submitted,Waiting,https://gist.github.com/choco-bot/1cb5b398a846551130881c7b1a456700,Passing,2025-09-11T22:39:33.253,Passing,2025-09-11T20:53:11.123,2025-10-01T20:53:38.8512154Z,,,,Flagged,2025-09-12T13:57:18.117,Error
132,logseq,0.10.13,logseq,27636,M1udId4/IvK/llz9WmGlxlgPq4cwZy2UZv4mDPsXuDoITxkM8AGFQVYHwsVTJBfm8wlcyTGEoTmQCrHIOzuQdg==,SHA512,146784333,https://github.com/w0/au-packages/tree/master/logseq,Submitted,Waiting,https://gist.github.com/choco-bot/6e5b6e6210eaab51a38f3a9573bbaf6c,Failing,2025-09-12T18:36:02.697,Passing,2025-09-12T17:12:49.043,2025-10-02T17:14:01.5384578Z,,,,Pending,,Unknown
133,pulumi,3.196.0,Pulumi (Portable),315305,Qhb12i/c8jq5EYYypeyChLoR900iQ40ycZDhXGJC/E4UuTBuL+LfkUX3UTC5wW5fTwkmlunCvQrWvMRwTBXLag==,SHA512,91482539,https://github.com/pulumi/pulumi-chocolatey,Submitted,Waiting,https://gist.github.com/choco-bot/5d162e091ad1e72e9f1d492e7f5e25dd,Failing,2025-09-13T02:16:46.577,Passing,2025-09-12T23:51:49.25,2025-10-02T23:54:07.2333173Z,,,,Pending,,Unknown
134,mongodb-compass-isolated,1.46.10,MongoDB Compass Isolated (Install),17442,zCUMxz2ObHmgIM4yU/JKnlwAy9v5xZq7VlDCHpDh1vZ3sCtS9WRYYr91R+YnU+n93FtIzwNJcD3pgblkOyae6A==,SHA512,3600,https://github.com/tragiccode/chocolatey-packages/tree/master/mongodb-compass,Submitted,Waiting,https://gist.github.com/choco-bot/29f840b2820cee1a5858f2efd276f53f,Failing,2025-09-13T02:35:18.453,Passing,2025-09-13T00:37:45.767,2025-10-03T00:39:09.1508799Z,,,,Pending,,Unknown
135,removed,1.6.0,removed,4,XyjsU6FvKUeooQ+J/QT5FPHIbwRtVAqpKHn0kC/BE3auqQXi1qTKDj5ob4f25VEV8jpac4B61DmPyMJTL2tCSg==,SHA512,1770,,Submitted,Waiting,,Pending,,Failing,2025-09-13T13:01:44.473,2025-10-03T13:04:24.6886485Z,,,,Pending,,Unknown
136,gcloudsdk,538.0.0,Google Cloud SDK,267592,r8p+dpeNX/dJwQpvgrJnJhAUTDng8eSZxhgBiVT695NKLT3IL+D8rFya5jnCCn6bd33GlPmwFTDxlYiv6mJRlQ==,SHA512,4857,https://github.com/glucn/chocolatey-packages/tree/main/gcloudsdk,Submitted,Waiting,https://gist.github.com/choco-bot/0d8c64f5020673098e5f45a0f7043f5e,Failing,2025-09-17T03:46:38.01,Passing,2025-09-13T17:08:54.903,2025-10-03T17:09:29.8223676Z,,,,Pending,,Unknown
137,beets,2.4.0,Beets,1648,gQjwl54Y4rxeCMoB2JDloxF8T2QJBmYdSdfTEUT8UlvvFFchhtM5P+UX0/02TLZoMCcOpFymfN4VCguPTMHH/g==,SHA512,4637,https://github.com/chtof/chocolatey-packages/tree/master/automatic/beets,Submitted,Waiting,https://gist.github.com/choco-bot/b2e66d05085fc3bb99a17f8557703a10,Failing,2025-09-14T01:55:21.387,Passing,2025-09-14T00:57:28.617,2025-10-04T00:59:34.5472413Z,,,,Pending,,Unknown
138,vscode-java,1.46.2025091308,Java Language Support VSCode Extension,103870,0ayLhOKTLPYskOzTEEdnRZFUOO4yxDwqNwhRfIUYgRY4xPQ6V4IeaGCmTn6LuCj3UaywOmTpKjDVh3Ui3HA0bg==,SHA512,52027227,https://github.com/dgalbraith/chocolatey-packages/tree/master/automatic/vscode-java,Submitted,Waiting,https://gist.github.com/choco-bot/0b9374fe41cfe93bc60f74edc22da748,Failing,2025-09-14T05:40:17.617,Passing,2025-09-14T04:53:27.907,2025-10-04T04:54:40.7342238Z,,,,Pending,,Unknown
139,vim-tux.install,9.1.1760,Vim Tux (Install),179802,4YpglahHZxZPEX+IdoCjaOlqdMkT9SQPzaZPFnMs7D4vy/PuF/ZDcj8gSy1dhrLw8dK0usMM32iIb4CFU4B9iA==,SHA512,11119368,https://github.com/pauby/chocopackages/tree/master/automatic/vim-tux.install,Submitted,Waiting,https://gist.github.com/choco-bot/393715f4d18bcacaac7622dd3377c688,Passing,2025-09-17T21:43:36.76,Passing,2025-09-17T15:53:47.007,,,,,Flagged,2025-09-17T23:23:13.353,Error
140,openfire,5.0.2,Openfire,6013,poqSyohIjbwNA0/9bW/lAjzVQLvjiknk/QqadinWow0EcvqtrG0nLfqn+TLSsfqK8vy8pv6y4A2Lzs+Y6GXkzg==,SHA512,3978,https://github.com/mkevenaar/chocolatey-packages/tree/master/automatic/openfire,Submitted,Waiting,https://gist.github.com/choco-bot/cff523be0d7d71abc6667f544dad32ec,Failing,2025-09-18T00:46:57.787,Passing,2025-09-17T16:07:34.907,,,,,Pending,,Unknown
141,linkus-desktop-client,1.15.3,linkus-desktop-client (Install),3142,TruT5/3aQ8vzHbGNnUQI4eKpKQJxnVHbM6VnZ9sgRr0vWxNaVkG7G2nxwdfRQVnOuM+vTflkTbq1keBgbKTxJA==,SHA512,2825,https://github.com/bookking3000/chocolatey-packages/tree/main/linkus-desktop-client,Submitted,Waiting,https://gist.github.com/choco-bot/2ca5abc470fbea17f39380c5ea03f262,Failing,2025-09-18T07:18:06.567,Passing,2025-09-17T16:15:51.81,,,,,Pending,,Unknown
142,internet-download-manager,6.42.43,Internet Download Manager,60273,U3sF+4zThUm8vRuC7ZdNh1ynLmbBA7GdH8zh2SdkVtird2QcnlinD07jLAZ95LnSHrM2tUMG2eiZELSWK0ea9g==,SHA512,6683,https://github.com/chtof/chocolatey-packages/tree/master/automatic/internet-download-manager,Submitted,Waiting,https://gist.github.com/choco-bot/919c4d40647500c355456682158b710d,Failing,2025-09-19T00:44:06.39,Passing,2025-09-17T16:59:36.947,,,,,Pending,,Unknown
143,vlc-nightly,3.0.22.20250917,VLC Nightly,648781,Uo8Kg4sKzn6JwHHnDnce8SmvOxHpU7tHJEX4rRW9EqbLxo7axhEY4czV6ODaJIgMm2RJHMDJnkM1yn24F8aL1Q==,SHA512,41803188,https://github.com/mkevenaar/chocolatey-packages/tree/master/automatic/vlc-nightly,Submitted,Waiting,https://gist.github.com/choco-bot/49677e27dc6aced45974cd0cc6147ab5,Failing,2025-09-19T00:59:36.43,Passing,2025-09-17T17:00:16.587,,,,,Pending,,Unknown
144,quickdeploy,0.3.4,QuickDeploy,5,l58fUWGkki9LbD1IlaIS7LYVTumpQxk4AcG1mg4QYB0LkQ/Wq17TfCfP40aQ6OdAN9Ic82TWBUD9UV2TkTI6PA==,SHA512,2336,,Submitted,Waiting,https://gist.github.com/choco-bot/7da78bbede20e6177a191bb6a3e852e0,Failing,2025-09-19T09:40:43.83,Passing,2025-09-17T20:27:18.707,,,,,Pending,,Unknown
145,protonvpn-fankhauserli,4.3.1,ProtonVPN-fankhauserli,127,qJmnSnPrK4McCd7yD5pOueX2a4SdffiTB8RStFljhVpxP/W4S3yXO//gVyp/juwxHTD/miqPgAWePru4/A7sBQ==,SHA512,3390,https://github.com/Fankhauserli/Choco-ProtonVPN/tree/main,Submitted,Waiting,https://gist.github.com/choco-bot/d7283b63890797250eca28b0eedb92c4,Failing,2025-09-19T06:15:24.057,Passing,2025-09-17T17:16:28.443,,,,,Pending,,Unknown
146,ngrok,3.29.0,Ngrok Agent,630209,Zi0/XVGYsLA4aU9erqtz+Isc51mEdJZRRDUb6GUryQy7djTAHXqgKhO7nDpzbsdK1Kd1UwZcJuujnDbOhLVRLg==,SHA512,3404,https://github.com/ngrok/choco-ngrok,Submitted,Waiting,https://gist.github.com/choco-bot/c15a2627483a58543d0f41eb42c7e8ca,Passing,2025-09-19T08:54:06.547,Passing,2025-09-17T18:03:39.15,,,,,Flagged,2025-09-19T08:56:34.33,Error
147,memurai-developer,4.1.6,Memurai Developer,264015,qI3q1ef8sjEcUoRA0L/MdiDOfn90bAElO4UbqSbIpyKWta12reulKOz8JnNmS8uWsNuW7JwhIqBn8BRtvdgmQw==,SHA512,2683,,Submitted,Waiting,https://gist.github.com/choco-bot/c0b2ad051312136b944579c9977abcde,Failing,2025-09-19T12:35:02.947,Passing,2025-09-19T12:28:04.157,,,,,Pending,,Unknown
148,keeper-cli,1.1.6,Keeper Secrets Manager CLI,80,5aLBBLCHKXRDZhfKFrQ+/oHpRrEiDpMEf2l8+JG1muk6ZwuyXxe+YWQtgEXLLvO+C5ftPIcfInaxmEJvwgB/Wg==,SHA512,3218,https://github.com/Keeper-Security/secrets-manager/tree/master/integration/keeper_secrets_manager_cli,Submitted,Waiting,https://gist.github.com/choco-bot/09b6c30fd667555d90174d84e74a73a8,Failing,2025-09-19T16:00:03.963,Passing,2025-09-18T09:45:34.59,,,,,Pending,,Unknown
149,viber,26.2.1,Viber,247018,fF5KKwn7F2TdPxvicCtcduiAkabkcbUfRl2Ef+Aip81KriAU6ssGraTc8IE4SnWC8aMqPcmxLwE8WB7L6vFsiw==,SHA512,3341,https://github.com/mkevenaar/chocolatey-packages/tree/master/automatic/viber,Submitted,Waiting,https://gist.github.com/choco-bot/425e7863bdf06c58edaf6f095b4a4ec0,Failing,2025-09-19T19:09:47.827,Passing,2025-09-18T14:54:31.003,,,,,Pending,,Unknown
150,clion-ide,2025.2.2,JetBrains Clion,34664,VYTDcb7Zw8vxslPd0CpmfBoG1sFXlNZ1kn5QWkTfYWF6bQ4WRhuIrhK42BKtVmurDuxdmLuLHjq222eB3Cz7zA==,SHA512,4314,https://github.com/mkevenaar/chocolatey-packages/tree/master/automatic/clion-ide,Submitted,Waiting,https://gist.github.com/choco-bot/9b4fd256d80d011167791a48ff5300ec,Failing,2025-09-19T23:49:56.353,Passing,2025-09-18T16:51:51.657,,,,,Pending,,Unknown
151,vscode-java,1.46.2025091808,Java Language Support VSCode Extension,103870,gwoiY4m0L4DGBhhL8fskE1do5Ab62bsyNxHs6zVG6EB7GTkObOllUWemyzGN+U5aHa3yCuTYP1elB4LLIOO/8Q==,SHA512,52037696,https://github.com/dgalbraith/chocolatey-packages/tree/master/automatic/vscode-java,Submitted,Waiting,https://gist.github.com/choco-bot/6f1013ab2e7a88f2de579c5466ad6cef,Failing,2025-09-20T11:28:27.563,Passing,2025-09-19T05:00:37.31,,,,,Pending,,Unknown
152,Ollama,0.12.0,Ollama Large Language Models,20310,+LfoO/qmI6DYmNdSHt3LJDlAisWaw6MTKD/f2EvAvZhVUhoP8aAGJMagXUJDAg5X5Nzuroj4qdQkhtIPq6TADQ==,SHA512,3133,https://github.com/tunisiano187/Choco-packages/tree/master/automatic/ollama,Submitted,Waiting,https://gist.github.com/choco-bot/3e7df611b3d92b9492b870d46002643a,Failing,2025-09-20T20:53:18.91,Passing,2025-09-20T02:45:59.853,,,,,Pending,,Unknown
153,wpyplus,1.0.0,wpy+,5,NBShJcUJgxjWYHKwsBLt7u+1P4CHy5UzWH8VDqWv/F64Vkb5IIj81Alqg6J44ufK+D0JmcjJdDN6v7MXM0EcPw==,SHA512,118826,,Submitted,Waiting,,Pending,,Failing,2025-09-20T15:29:32.16,,,,,Pending,,Unknown
154,gcloudsdk,539.0.0,Google Cloud SDK,267592,aPZklU68cAclrXoKTfi5r8jeF9hYbFWKjAXn8vVYIqFoiF2yANwBYRKb+QcVWbUjLPY9+o9I7wJbglFxDPRmrg==,SHA512,4852,https://github.com/glucn/chocolatey-packages/tree/main/gcloudsdk,Submitted,Waiting,https://gist.github.com/choco-bot/ce8f24c846161dc91ee95b2b222004a7,Failing,2025-09-22T04:31:37.59,Passing,2025-09-22T04:14:36.277,,,,,Pending,,Unknown
155,obs-studio.portable,32.0.0,OBS Studio (Portable),7257,83OaTe8ebfEjUY4xsnKFzndm1c/WR8oB3ojjkW4Mb8z2INBUoapmF4fYZ9TO8i16juOHbqYO7QEOcwLvyMJs3g==,SHA512,162789869,https://github.com/AeliusSaionji/chocopkgs/tree/master/obs-studio.portable,Submitted,Waiting,,Pending,,Failing,2025-09-23T00:47:50.4,,,,,Pending,,Unknown
156,vscode-java-dependency,0.25.2025091901,Java Dependency Viewer VSCode Extension,11183,h1asRn927Msj/i4/GtNIgojmUYG8EyG7kU6NzIDhzcXGy2e7/Cu92F+eKIH25n7qyM0xdI4ICe+PGpHCKQMkVA==,SHA512,337081,https://github.com/dgalbraith/chocolatey-packages/tree/master/automatic/vscode-java-dependency,Submitted,Waiting,https://gist.github.com/choco-bot/5da34c93f4bbbac24bdc89a1fc61479f,Failing,2025-09-23T05:50:15.293,Passing,2025-09-23T04:51:14.47,,,,,Pending,,Unknown
157,steelseries-engine,95.0.0,SteelSeries Engine,28765,A7f5YIyQZMxuoyI8NRIq/IguAvT61rgmL1TFiE2hjglk3RxhKxyKvzha3zt+Hed534eqy0648WsI/C4f2+qC1w==,SHA512,3322,https://github.com/chtof/chocolatey-packages/tree/master/automatic/steelseries-engine,Submitted,Waiting,https://gist.github.com/choco-bot/e631977b6af609c49c3cb5dfc8eece30,Failing,2025-09-23T19:22:49.84,Passing,2025-09-23T17:03:59.527,,,,,Pending,,Unknown
158,dependabot,1.73.0,Dependabot,248,UM8/mI+Rv7a3B9qlyN+jZbE3joGD5O4IYrYb+fjpJefxO11muY6KPNddLvLHeME5pXqvl98P1qJvHqX80ymPIQ==,SHA512,3354,https://github.com/tragiccode/chocolatey-packages/tree/master/dependabot,Submitted,Waiting,https://gist.github.com/choco-bot/5e32ecdfe1c9db3d774d97ad1806e9fa,Failing,2025-09-24T01:23:59.88,Passing,2025-09-24T00:35:01.267,,,,,Pending,,Unknown
159,Ollama,0.12.1,Ollama Large Language Models,20310,3rGeLJlDuDqOfn446F5XttL4/h780o1f2Lz9kRl2bHWJYiivDiug6dB0ioc+mmLysvBMrNlTMGwuEdcLbofp4Q==,SHA512,3129,https://github.com/tunisiano187/Choco-packages/tree/master/automatic/ollama,Submitted,Waiting,https://gist.github.com/choco-bot/1b9c126e8cc9dab5f47684101d7008b5,Failing,2025-09-24T08:24:06.427,Passing,2025-09-24T02:49:25.767,,,,,Pending,,Unknown
160,vscode-java-dependency,0.25.2025092303,Java Dependency Viewer VSCode Extension,11183,UixxYI3DIw6HqvpmeE0hilEJXdmZsJF677Zdivh5OipJWXnZkBJ99TpSiotNKshxVYgldY9GCm6s29888gyZqQ==,SHA512,337079,https://github.com/dgalbraith/chocolatey-packages/tree/master/automatic/vscode-java-dependency,Submitted,Waiting,https://gist.github.com/choco-bot/ec69f0c7d68dfdb276643c63a363eb7a,Failing,2025-09-24T10:31:44.53,Passing,2025-09-24T05:02:25.807,,,,,Pending,,Unknown
161,vscode-java,1.46.2025092308,Java Language Support VSCode Extension,103870,UPn+6bzsf4AwZnECnDoQzP5vOfxRNTM5T1sYc3s+2IGKV/kUsb8CV0xvWKZazM/bbwUuMxWwWnqeUNe0WsqooQ==,SHA512,52054580,https://github.com/dgalbraith/chocolatey-packages/tree/master/automatic/vscode-java,Submitted,Waiting,https://gist.github.com/choco-bot/a839b393bf3d500f8335b011f26bb797,Failing,2025-09-24T11:18:55.927,Passing,2025-09-24T05:02:47.597,,,,,Pending,,Unknown
162,altair-graphql,8.2.8,Altair GraphQL Client,15721,6VwusKTGM4bAFxUfERbWlVbA3++H1jd1UQGl71BS2NxHj3U4yLUh/NjyC2pud20W7anIo4WA+pST8eGjLaKErA==,SHA512,151027,https://github.com/altair-graphql/altair,Submitted,Waiting,https://gist.github.com/choco-bot/77da8c967318747c3fb702559aae5476,Failing,2025-09-24T21:43:42.573,Passing,2025-09-24T21:30:04.55,,,,,Pending,,Unknown
163,lm-studio,0.3.27,LM Studio,2610,GuJGRYfOpV4F5W0lP8RCpd1T7BgYj8XSTEMvgOm9YeQHKnh3y764bFgyfReoTiEC7u/u8b75qSwYvIIgLG5u1w==,SHA512,3301,https://github.com/targed/chocolatey-projects/tree/main/LM_Studio,Submitted,Waiting,https://gist.github.com/choco-bot/757857477915e7b717716650acdde994,Failing,2025-09-25T04:52:17.407,Passing,2025-09-25T03:02:35.157,,,,,Pending,,Unknown
164,vscode-java,1.46.2025092408,Java Language Support VSCode Extension,103870,CYjWkcL+q70IQehfnqDaS8DqcEo+2qnyJ1pm6xvWgOVDuXRZaXo1b4yWTx5qnqOav6FQX4gTfu6Tw3Y260FqLw==,SHA512,52053170,https://github.com/dgalbraith/chocolatey-packages/tree/master/automatic/vscode-java,Submitted,Waiting,https://gist.github.com/choco-bot/1e17145f85e06fdbe3f462f23783d0a4,Failing,2025-09-25T06:54:45.133,Passing,2025-09-25T04:58:39.05,,,,,Pending,,Unknown
165,schiba,0.3.1,Schiba,45,pjseXyVFO+4YqSoQJUrQaip+G4gParalUnqXKAqVFjYX/TrC+0R5tdwA9v9knGUFWGcs47kqr78sKkeyeaI76g==,SHA512,2765,https://github.com/kennylwx/schiba,Submitted,Waiting,https://gist.github.com/choco-bot/46d580dc2ca363870b190e96bc9fdfbb,Failing,2025-09-25T07:52:36.113,Passing,2025-09-25T05:14:29.81,,,,,Pending,,Unknown
166,Ollama,0.12.2,Ollama Large Language Models,20310,iKWEi7sZkYQ1+aMwAdgk/aljpXdAiOrYJn6J6cyRzoT01JnH9C8v3YlEhXdQVb7VxRi5qQ9Yxbp2s6l6DmZ4Og==,SHA512,3132,https://github.com/tunisiano187/Choco-packages/tree/master/automatic/ollama,Submitted,Waiting,https://gist.github.com/choco-bot/44ec5cd8e081f27a4436684ebd34b76b,Failing,2025-09-25T11:12:08.81,Passing,2025-09-25T09:27:39.25,,,,,Pending,,Unknown
167,volatility3,2.26.2,Volatility 3,1964,1y5K/FbDhgG1+Oms0CW8N2iWU0eWgEbN+ozozW7jBZUyTg0qXSvj1YFsxnVQ5COXu6VUvajmMZ3g2353m1wEmw==,SHA512,3566,https://github.com/sustainablelobster/dfir-chocolatey-packages/tree/master/volatility3,Submitted,Waiting,https://gist.github.com/choco-bot/631838f87924861dbbd2809da88117c3,Failing,2025-09-26T01:25:21.817,Passing,2025-09-26T00:34:42.51,,,,,Pending,,Unknown
168,vscode-java,1.46.2025092508,Java Language Support VSCode Extension,103870,iVWq1g4B+oG6Yt2VlihDBKOiR2sFUB9nAaZxIOB0bgrLtrsmyvXB59l3A/HMbuaYVD1lD7QGyOUVTtwZG9O+rg==,SHA512,52057146,https://github.com/dgalbraith/chocolatey-packages/tree/master/automatic/vscode-java,Submitted,Waiting,https://gist.github.com/choco-bot/044625760b730bd8619e3f9020ecb9c6,Failing,2025-09-26T09:32:55.95,Passing,2025-09-26T04:54:22.233,,,,,Pending,,Unknown
169,kubetail,0.8.2,Kubetail (CLI),133,ndKHAqkmmD1K10Qnv0Uo50XOua9cyEEgWlku0wjsPy27lFU0mOWIA2q13afa10HZEbgw0bzRK5VVLrEFQMNdDg==,SHA512,2935,https://github.com/kubetail-org/choco-packages,Submitted,Waiting,,Pending,,Failing,2025-09-26T06:40:49.673,,,,,Pending,,Unknown
170,absolute-scenes,1.4.4,Absolute Scenes,9,X7qG/RklEDXcTL83ifwJRpXPVwhpCZs3AQBd2HIDivJDGQLomkdy+Vs9wrv34Z6P1fLTxFLR0OvsVNTes29SmA==,SHA512,7044,https://github.com/orinoco77/absolute-scenes,Submitted,Waiting,,Pending,,Failing,2025-09-27T23:25:47.313,,,,,Pending,,Unknown
171,obs-studio.portable,32.0.1,OBS Studio (Portable),7257,DKjTU+cbvuWfLjzxIBDXYe1AtwSsjVHolYPLmvXxZ1occyizttNDn/7jvPuOV6OI4CCvCFNLFHENkRWHwzYzSA==,SHA512,162780961,https://github.com/AeliusSaionji/chocopkgs/tree/master/obs-studio.portable,Submitted,Waiting,,Pending,,Failing,2025-09-27T00:45:06.44,,,,,Pending,,Unknown
172,winlink-express,1.7.26,Winlink Express,1272,eVTgRzw3c3JWrO5TGBmuMLmUDruI/jIvlOq80xpW5p2+XmZIXZew9KjIO+W+wXnu01TEhUrS/PUrPDrodlq6Ng==,SHA512,7062,https://github.com/penguin359/chocolatey-packages,Submitted,Waiting,https://gist.github.com/choco-bot/7d60190670a74fcba5c15e39aee37be3,Failing,2025-09-28T01:25:12.64,Passing,2025-09-28T00:36:24.257,,,,,Pending,,Unknown
173,vim-tux.portable,9.1.1798,Vim Tux (Portable),129785,0hTbldZeAuMHO5GPtYEJyqKoKBrW2sN9lT5AJDkhIiehBuskrJy4M2U+RtOdSGbJHZFb8Sk2ZRrqU5OKzLRmwQ==,SHA512,10709531,https://github.com/pauby/chocopackages/tree/master/automatic/vim-tux.portable,Submitted,Waiting,https://gist.github.com/choco-bot/d573d92579bb7d4c78b8631fcde447b5,Failing,2025-09-28T02:04:30.467,Passing,2025-09-28T00:47:24.143,,,,,Pending,,Unknown
174,gcloudsdk,540.0.0,Google Cloud SDK,267592,1Fy0IqYNnlwQYlLoI98YwqPEYewtZz9q8gP3ojwvA7/ReY+wxk6prd3F98CIiKo5RhnEPKYC2sgiMxBsI1PSPg==,SHA512,4850,https://github.com/glucn/chocolatey-packages/tree/main/gcloudsdk,Submitted,Waiting,https://gist.github.com/choco-bot/a1a51cb86a49874cd520fd276978d02b,Failing,2025-09-28T03:56:03.303,Passing,2025-09-28T01:23:42.213,,,,,Pending,,Unknown
175,vscode-java-dependency,0.26.2025092801,Java Dependency Viewer VSCode Extension,11183,5B7bybDO8fhKB4BfXUfmEzWO8J6huhumdN0tHCt25PXTTcUsAXsrpdoDeNX5+KXUuldzZ1eZl78OEcLkfg0zBA==,SHA512,345170,https://github.com/dgalbraith/chocolatey-packages/tree/master/automatic/vscode-java-dependency,Submitted,Waiting,https://gist.github.com/choco-bot/7e0a671a79f18031fc6faf1cdba9644f,Failing,2025-09-28T06:10:52.497,Passing,2025-09-28T04:55:04.72,,,,,Pending,,Unknown
176,vscode-java,1.46.2025092608,Java Language Support VSCode Extension,103870,IR/GceMJzjzqmdBcz8w/rUQpfkHmV4ohw6up3PzuLU4N4HnUw5MpJb4RZMVbziybt55Rzo/zoO6PHpMQzYnGbQ==,SHA512,52057882,https://github.com/dgalbraith/chocolatey-packages/tree/master/automatic/vscode-java,Submitted,Waiting,https://gist.github.com/choco-bot/8cc050e3537e386feba22d448a675ba8,Failing,2025-09-29T05:45:17.8112501Z,Passing,2025-09-29T04:58:19.447,,,,,Pending,,Unknown
177,copyq,12.0.0,CopyQ,63487,/+1AXYm8jCRr2TG1YlgbvaXbJ3fKhGPv7jFpZ7lcjgF5npYbWeF1xNzkT5XjZSgPRdytI3GS3uvSRC9U+Gykvg==,SHA512,16704973,https://github.com/majkinetor/chocolatey/tree/master/copyq,Submitted,Waiting,https://gist.github.com/choco-bot/27a6846996bdfa3aa19504675ae11365,Failing,2025-09-29T16:20:26.2558886Z,Passing,2025-09-29T15:33:27.83,,,,,Pending,,Unknown
178,viber,26.3.0,Viber,247018,2LSdyq04jBkfbvHfrm+u4b0FqsLWF0wIWPA/8ogznHKCKr9vGkWtMKU+TLq7WQHzwtQ+sTaNyskDjFjvycmRUg==,SHA512,3336,https://github.com/mkevenaar/chocolatey-packages/tree/master/automatic/viber,Submitted,Waiting,https://gist.github.com/choco-bot/0273d70ebc75f90bc8d19a6f15c149b4,Failing,2025-09-30T12:59:10.4364633Z,Passing,2025-09-30T12:57:07.127,,,,,Pending,,Unknown
179,copyq,12.0.1,CopyQ,63487,+2+KfbyJaBoQNtkjRVOYPZw5zPtaj9e4uke8WdGxB56KgoJtvBDdhvo8MfqqjXdvz0x1yrkH8EuYUn+vAAT0jg==,SHA512,18652519,https://github.com/majkinetor/chocolatey/tree/master/copyq,Submitted,Waiting,https://gist.github.com/choco-bot/102386d0fddedd8723a61b2d4dfebc95,Failing,2025-09-30T16:23:00.481913Z,Passing,2025-09-30T15:36:25.133,,,,,Pending,,Unknown
180,newrelic-cli,0.104.5,newrelic-cli,59664,mSwU+za09bRCq9748hcdDiAaJ716JJwTVDi3vq4ieLyxyM5/g6aa1yHRTEuMZvHqMKBssRgnbbBsDHJypO7sFg==,SHA512,10386,https://github.com/newrelic/newrelic-cli,Submitted,Waiting,https://gist.github.com/choco-bot/5b1e9075f68ec65b8f5057657097a3fc,Failing,2025-09-30T18:21:18.5943682Z,Passing,2025-09-30T18:19:45.467,,,,,Pending,,Unknown
181,tinytex,2025.10.0,TinyTeX,57275,Uz2akwaShx+XAl34TUwdUyByr/vxOa5nRBxMHRYDJCUy4Zf16TZd84pNDiSVFInrgZwNJiUNYWYAKf0/AJKo4A==,SHA512,4324,https://github.com/rstudio/tinytex-releases/tree/master/choco,Submitted,Waiting,https://gist.github.com/choco-bot/71bd6e644789d2dfb1485b497e3644d4,Failing,2025-10-01T09:41:17.0233998Z,Passing,2025-10-01T08:03:38.85,,,,,Pending,,Unknown
182,qtcreator,17.0.2,Qt Creator,43756,UoCFjVUwbaVJAUVKILgHZttxfuZCE35qRsMq/z5KJLWFQCJW6QpC8lD1TdCbqZ98TA8aG4Iw8nG/ytc2xcDYuA==,SHA512,3781,https://github.com/admiringworm/chocolatey-packages/tree/master/automatic/qtcreator,Submitted,Waiting,https://gist.github.com/choco-bot/f74698219ccdb0dd964496a528a8ed68,Failing,2025-10-01T10:28:27.7302621Z,Passing,2025-10-01T08:13:46.423,,,,,Pending,,Unknown
183,diki,0.20.0,diki (Install),212,p/rmciGebm5TgkKoK7B+TowiimQbmUdpiccWRAav/OwTZXlwuUPTIrzqauky0uDE/AYczTpYJZcLNtxWr6/xaQ==,SHA512,2634,https://github.com/gardener/chocolatey-packages/tree/master/diki,Submitted,Waiting,https://gist.github.com/choco-bot/993a578ac495170030e2eb2b4dcba4ef,Failing,2025-10-01T16:14:22.4674715Z,Passing,2025-10-01T14:22:35.833,,,,,Pending,,Unknown
184,fanficfare,4.49.0,FanFicFare,1849,UuX/o1rdEN+eQn+8tX/ekvcDT5ddPJmJI5ex22rsgn9u3CLo1k4EKwIRJneyvE/942194Saue7OphhUc1mi82A==,SHA512,1908376,https://github.com/Xav83/chocolatey-packages/tree/develop/automatic/fanficfare,Submitted,Waiting,https://gist.github.com/choco-bot/5f0c922e9d3ffaf4202c827e62b2b536,Failing,2025-10-01T18:45:04.9597621Z,Passing,2025-10-01T16:41:16.157,,,,,Pending,,Unknown
185,browser-tamer,5.1.1,Browser Tamer,1301,zUiME887NoGrU1gL7etKTtknKnpUnRwhl/ZFsKE/X0ZnsmSv+F9Ub+zF+fxd5QeF/dANifIWHs9QGufcgJ+s6w==,SHA512,6166,https://github.com/corbob/ChocoPackages/tree/master/packages/browser-tamer,Submitted,Waiting,https://gist.github.com/choco-bot/d856268e4010c53205556e454959d2fc,Failing,2025-10-02T00:01:02.2953885Z,Passing,2025-10-01T23:59:43.217,,,,,Pending,,Unknown
186,dependabot,1.74.0,Dependabot,248,25S5KzhsQYCse3ZBl5BlRxFwU3RTOHfGYL3numYA1ZTrSmyUVH2XuUDaze9SC9DGANrjQnILHy6FejoXWySMMQ==,SHA512,3351,https://github.com/tragiccode/chocolatey-packages/tree/master/dependabot,Submitted,Waiting,https://gist.github.com/choco-bot/b4201c37a5f557bcb6b4564486cfe3f9,Failing,2025-10-02T01:42:34.2771107Z,Passing,2025-10-02T00:42:38.827,,,,,Pending,,Unknown
187,kdevelop.install,5.6.2.5973,KDevelop (Install),14293,BG5NkWeEJZUPrV8lwA5qWqv7NSweCUf3goj0mTid3jLd6vjuUh4XSo55V7EG8C7Z10Lbi3LdPKbq4TYd58J3CQ==,SHA512,4230,https://github.com/chtof/chocolatey-packages/tree/master/automatic/kdevelop.install,Submitted,Waiting,https://gist.github.com/choco-bot/5775dfc2093b20c0eb633fe379852be3,Failing,2025-10-02T03:36:38.0199631Z,Passing,2025-10-02T00:59:23.45,,,,,Pending,,Unknown
188,netbeans27,27.0.0,Apache NetBeans 27,16,3rTbx1SAcJeoGPbb7q/Hc9DFTTOEYB7GoJAcmjSkSkBaDx7IjInvuHyoDV3lkHc0GcSpfc8W6trTgsBs6TF25w==,SHA512,9735,,Submitted,Waiting,,Pending,,Failing,2025-10-02T12:03:02.1657448Z,,,,,Pending,,Unknown
189,dn-dosnav,1.51.0,DOS Navigator (DN) + DOSBox-X Launcher,2,s4iGaRng20/Tvq9lhmHXll22U+9f4zu07iXjWsGDbpV3KHaGVpcSkPjHsBfHm3LjLuWMz9sQ1Mg3yuyzbW+hMg==,SHA512,27850,https://github.com/Foadsf/dn-dosnav-chocolatey,Submitted,Waiting,,Pending,,Failing,2025-10-02T11:22:36.9050585Z,,,,,Pending,,Unknown
190,clion-ide,2025.2.3,JetBrains Clion,34664,NSk1QVd95aVdxBXFH/+gubbK9V/9DuaPEbZ5hX9l0QcH2QI7iWNWqeYJXIofGn/LesfjGGLywzmkn2yjVsHFIQ==,SHA512,4314,https://github.com/mkevenaar/chocolatey-packages/tree/master/automatic/clion-ide,Submitted,Waiting,https://gist.github.com/choco-bot/c061df5a65c836e5bacac0ca5cfe64e3,Failing,2025-10-02T20:07:43.82561Z,Passing,2025-10-02T18:53:29.14,,,,,Pending,,Unknown
191,vscode-java,1.46.2025100208,Java Language Support VSCode Extension,103870,csm5ZSIOEpzfqzA0sU/pxwnSWw1o5owrn3J+Rl459/Y7n9TSApd+v6QOmepAxUJtx2Bifl0WX4KCOvgRR8ydQw==,SHA512,52075019,https://github.com/dgalbraith/chocolatey-packages/tree/master/automatic/vscode-java,Submitted,Waiting,https://gist.github.com/choco-bot/edd7d1c1300c1e202f7ec2b34eda27e4,Failing,2025-10-03T06:11:37.4062549Z,Passing,2025-10-03T04:59:57.257,,,,,Pending,,Unknown
192,ntlite-free,2025.10.10625,NTLite (Free) (Install),31376,8YQf7qqd4r7m+ZQ9PJuto1t58b3oL8MIWSFba4YrT40XoNcnOLxbmUOrCKKRHHyvv6rrV4y3s9j9xDTHfC22Nw==,SHA512,4587,https://github.com/tunisiano187/Chocolatey-packages/tree/master/automatic/ntlite-free,Submitted,Waiting,https://gist.github.com/choco-bot/b4580a9b89e5e1c2d0fee224ba6770c0,Failing,2025-10-03T17:56:47.7577002Z,Passing,2025-10-03T17:12:37.597,,,,,Pending,,Unknown
193,freedownloadman,6.30.1.6471,Free Download Manager,1,pvuxW39nUNaFOJAxi/pEqY2u+KpJbDyYUUicIaJ/y0v5wWB+XoIPLFM9VSDMMDpXgP50BflU+k6KyEK5rhVppg==,SHA512,71904654,,Submitted,Waiting,,Pending,,Failing,2025-10-03T18:04:17.054012Z,,,,,Pending,,Unknown
